tax_id,Org_name.new_name,Org_name,GeneID,CurrentID,Status,Symbol,Gene,Aliases,description,other_designations,map_location,chromosome,genomic_nucleotide_accession.version,start_position_on_the_genomic_accession,end_position_on_the_genomic_accession,orientation,exon_count,OMIM,Column1
9031,J,Gallus gallus,418791,0,live,ABCC4,abcc4,,ATP binding cassette subfamily C member 4,multidrug resistance-associated protein 4|ATP-binding cassette, sub-family C (CFTR/MRP), member 4|multidrug resistance protein 4,,1,NC_006088.5,147470494,147695961,plus,37,NA,NA
9031,J,Gallus gallus,373916,0,live,ACO1,aco1,IREB1, IREBP,aconitase 1, soluble,cytoplasmic aconitate hydratase|IRE-BP 1|IRE-binding protein 1|Iron responsive element binding protein|citrate hydro-lyase|iron-responsive element-binding protein 1,,Z,NC_006127.5,71167742,71204524,plus,21,NA,NA
9031,J,Gallus gallus,420090,0,live,ACSBG2,acsbg2,,acyl-CoA synthetase bubblegum family member 2,long-chain-fatty-acid--CoA ligase ACSBG2|arachidonate--CoA ligase ACSBG2,,28,NC_006115.5,1746737,1763012,plus,18,NA,NA
9031,J,Gallus gallus,421534,0,live,ACTA1,acta1,,actin alpha 1, skeletal muscle,actin, alpha skeletal muscle|a-actin|alpha-actin-1,,3,NC_006090.5,40088178,40090517,minus,7,NA,NA
9031,J,Gallus gallus,373918,0,live,ACTN1,actn1,,actinin, alpha 1,alpha-actinin-1|F-actin cross-linking protein|alpha-actinin cytoskeletal isoform|non-muscle alpha-actinin-1,,5,NC_006092.5,28427294,28508906,plus,23,NA,NA
9031,J,Gallus gallus,419194,0,live,ADA,ada,,adenosine deaminase,adenosine deaminase|adenosine aminohydrolase,,20,NC_006107.5,5355077,5367713,plus,11,NA,NA
8496,I,Alligator mississippiensis,102567875,0,live,ADCK5,adck5,Y1Q_0017839,aarF domain containing kinase 5,uncharacterized aarF domain-containing protein kinase 5|solute carrier family 52 (riboflavin transporter), member 3,,Un,,NA,NA,,NA,NA,NA
9031,J,Gallus gallus,421918,0,live,ADI1,adi1,Fe-ARD, MTCBP-1, Ni-ARD,acireductone dioxygenase 1,1,2-dihydroxy-3-keto-5-methylthiopentene dioxygenase|aci-reductone dioxygenase|acireductone dioxygenase (Ni(2+)-requiring)|fe-ARD,,3,NC_006090.5,93688358,93695541,minus,4,NA,NA
9031,J,Gallus gallus,374212,0,live,ADORA1,adora1,,adenosine A1 receptor,adenosine receptor A1|A1 adenosine receptor,,26,NC_006113.5,991509,1008529,plus,3,NA,NA
9031,J,Gallus gallus,428579,0,live,ADSS2,adss2,ADSS, AdSS 2,adenylosuccinate synthase 2,adenylosuccinate synthetase isozyme 2|adSS 2,,3,NC_006090.5,34865300,34897947,plus,13,NA,NA
9031,J,Gallus gallus,421543,0,live,AGT,agt,SERPINA8,angiotensinogen,angiotensinogen|Serpin A8|angiotensinogen (serpin peptidase inhibitor, clade A, member 8),,3,NC_006090.5,40543173,40555078,minus,7,NA,NA
9031,J,Gallus gallus,396002,0,live,AK1,ak1,,adenylate kinase 1,adenylate kinase isoenzyme 1,,17,NC_006104.5,5248345,5253188,plus,10,NA,NA
9031,J,Gallus gallus,396092,0,live,ALCAM,alcam,BEN, DM-GRASP, JC7, SC1,activated leukocyte cell adhesion molecule,CD166 antigen|BEN glycoprotein|SC1 glycoprotein,,1,NC_006088.5,87615066,87731031,plus,17,NA,NA
9031,J,Gallus gallus,395264,0,live,ALDH1A1,aldh1a1,GGADHR,aldehyde dehydrogenase 1 family member A1,retinal dehydrogenase 1|ALDH class 1|ALDH-E1|ALHDII|RALDH 1|aldehyde dehydrogenase family 1 member A1|aldehyde dehydrogenase, cytosolic|cytosolic aldehyde dehydrogenase|ralDH1,,Z,NC_006127.5,35905454,35958939,minus,16,NA,NA
9031,J,Gallus gallus,427308,0,live,ALDOB,aldob,ALDB,aldolase, fructose-bisphosphate B,fructose-bisphosphate aldolase B|aldolase B, fructose-bisphosphate|liver-type aldolase,,Z,NC_006127.5,65329391,65338114,plus,9,NA,NA
9031,J,Gallus gallus,395492,0,live,ALDOC,aldoc,,aldolase, fructose-bisphosphate C,fructose-bisphosphate aldolase C|aldolase C, fructose-bisphosphate|brain-type aldolase,,19,NC_006106.5,5884418,5888099,minus,9,NA,NA
9031,J,Gallus gallus,396536,0,live,APOA1,apoa1,,apolipoprotein AI,apolipoprotein A-I|apo-AI|apoA-I|apolipoprotein A1,,24,NC_006111.5,5140178,5141688,minus,4,NA,NA
9031,J,Gallus gallus,396535,0,live,APOB,apob,,apolipoprotein B,apolipoprotein B|apolipoprotein B (including Ag(x) antigen),,3,NC_006090.5,102199405,102233660,minus,29,NA,NA
8839,K,Anas platyrhynchos,101792029,0,live,APOBEC1,apobec1,,apolipoprotein B mRNA editing enzyme catalytic subunit 1,C->U-editing enzyme APOBEC-1,,1,NC_040046.1,123577840,123586481,plus,6,NA,NA
103944,G,Protobothrops mucrosquamatus,107284354,0,live,AQP1,aqp1,,aquaporin 1 (Colton blood group),aquaporin-1,,Un,,NA,NA,,NA,NA,NA
28377,A,Anolis carolinensis,100566247,0,live,aqp11,aqp11,,aquaporin 11,aquaporin-11,,Un,,NA,NA,,NA,NA,NA
57421,K,Merops nubicus,103773696,0,live,AQP2,aqp2,N331_08142,aquaporin 2,aquaporin-2|Aquaporin-2,,Un,,NA,NA,,NA,NA,NA
103695,B,Pogona vitticeps,110074546,0,live,AQP9,aqp9,,aquaporin 9,aquaporin-9,,Un,,NA,NA,,NA,NA,NA
8663,G,Notechis scutatus,113428811,0,live,ARHGEF16,arhgef16,,Rho guanine nucleotide exchange factor 16,rho guanine nucleotide exchange factor 16,,Un,,NA,NA,,NA,NA,NA
9031,J,Gallus gallus,374115,0,live,ARNTL,arntl,BMAL1,aryl hydrocarbon receptor nuclear translocator like,aryl hydrocarbon receptor nuclear translocator-like protein 1|BMAL1b'|bHLH-PAS transcription factor BMAL1|brain and muscle ARNT-like 1|cBMAL1|clock protein,,5,NC_006092.5,7819805,7864576,minus,21,NA,NA
9031,J,Gallus gallus,396498,0,live,ASL1,asl1,ASL, CRYD1, D-CRY,argininosuccinate lyase 1,delta-1 crystallin|delta crystallin I|delta-crystallin 1|delta1-crystallin,,19,NC_006106.5,5095412,5103187,minus,18,NA,NA
9031,J,Gallus gallus,417545,0,live,ASL2,asl2,ASL, CRYD2, delta-2-crystallin,argininosuccinate lyase 2,argininosuccinate lyase|ASAL|arginosuccinase|delta crystallin II|delta-2 crystallin,,19,NC_006106.5,5082589,5091638,minus,17,NA,NA
9031,J,Gallus gallus,420574,0,live,ASNS,asns,,asparagine synthetase (glutamine-hydrolyzing),asparagine synthetase [glutamine-hydrolyzing]|glutamine-dependent asparagine synthetase,,2,NC_006089.5,24662428,24676238,minus,14,NA,NA
8496,I,Alligator mississippiensis,102565117,0,live,ASNSD1,asnsd1,Y1Q_0008843,asparagine synthetase domain containing 1,asparagine synthetase domain-containing protein 1,,Un,,NA,NA,,NA,NA,NA
103695,B,Pogona vitticeps,110079638,0,live,ASS1,ass1,,argininosuccinate synthase 1,argininosuccinate synthase,,Un,,NA,NA,,NA,NA,NA
9031,J,Gallus gallus,395821,0,live,ATP6V1A,atp6v1a,,ATPase H+ transporting V1 subunit A,V-type proton ATPase catalytic subunit A|A2 isoform of vacuolar H+-ATPase subunit A|ATPase, H+ transporting, lysosomal 70kDa, V1 subunit A|V-ATPase 69 kDa subunit|V-ATPase subunit A|vacuolar H+-ATPase A subunit|vacuolar proton pump subunit alpha,,1,NC_006088.5,79969015,79997370,minus,17,NA,NA
156563,K,Cyanistes caeruleus,111940982,0,live,ATP8B1,atp8b1,,ATPase phospholipid transporting 8B1,phospholipid-transporting ATPase IC,,Z,,NA,NA,,NA,NA,NA
55661,K,Cuculus canorus,104067755,0,live,B9D2,b9d2,,B9 domain containing 2,B9 domain-containing protein 2|B9 protein domain 2,,Un,,NA,NA,,NA,NA,NA
8479,H,Chrysemys picta,101947548,0,live,BAZ1A,baz1a,,bromodomain adjacent to zinc finger domain 1A,bromodomain adjacent to zinc finger domain protein 1A,,4,NC_024221.1,43910811,44022560,minus,26,NA,NA
8663,G,Notechis scutatus,113426026,0,live,BCKDHA,bckdha,,branched chain keto acid dehydrogenase E1 subunit alpha,2-oxoisovalerate dehydrogenase subunit alpha, mitochondrial|branched chain keto acid dehydrogenase E1, alpha polypeptide,,Un,,NA,NA,,NA,NA,NA
9031,J,Gallus gallus,373954,0,live,BCL2L1,bcl2l1,BCL2L, Bcl-xl, bcl-x,BCL2 like 1,bcl-2-like protein 1|apoptosis regulator Bcl-X|bcl2-L-1,,20,NC_006107.5,10015061,10033228,minus,6,NA,NA
48883,K,Geospiza fortis,102034857,0,live,BET1L,bet1l,,Bet1 golgi vesicular membrane trafficking protein like,BET1-like protein,,Un,,NA,NA,,NA,NA,NA
31138,H,Trachemys scripta elegans,117886185,0,live,BPI,bpi,,bactericidal permeability increasing protein,bactericidal permeability-increasing protein,,12,NC_048309.1,1555915,1571833,plus,15,NA,NA
9031,J,Gallus gallus,419932,0,live,BTG2,btg2,,BTG anti-proliferation factor 2,protein BTG2|B-cell translocation gene 2|BTG family, member 2,,26,NC_006113.5,5122814,5126864,plus,2,NA,NA
9031,J,Gallus gallus,396257,0,live,CA2,ca2,,carbonic anhydrase 2,carbonic anhydrase 2|CA-II|carbonate dehydratase II|carbonic anhydrase II,,2,NC_006089.5,122766270,122782525,plus,7,NA,NA
146911,C,Gekko japonicus,107123476,0,live,CACTIN,cactin,,cactin, spliceosome C complex subunit,cactin,,Un,,NA,NA,,NA,NA,NA
9031,J,Gallus gallus,396519,0,live,CALB1,calb1,CaBP-D28k,calbindin 1,calbindin|28-kDa vitamin D-dependent calcium-binding protein|CaBP-28|Calbindin D-28K|Calbindin D28k|Chicken intestinal 28-kilodalton calbindin-D|D-28K|calbindin 1, 28kDa|calbindin D28|vitamin D-dependent calcium-binding protein, avian-type|vitamin D-induced calbindin-D28K,,2,NC_006089.5,124313483,124331355,minus,11,NA,NA
9031,J,Gallus gallus,374068,0,live,CDH5,cdh5,cadherin-5,cadherin 5,cadherin-5|cadherin 5, type 2 (vascular endothelium)|cadherin 5, type 2, VE-cadherin (vascular endothelium)|cadherin 5, type 2, VE-cadherin (vascular epithelium),,11,NC_006098.5,11518581,11547959,minus,12,NA,NA
30419,K,Opisthocomus hoazin,104330570,0,live,CDK5RAP1,cdk5rap1,N306_00466,CDK5 regulatory subunit associated protein 1,LOW QUALITY PROTEIN: CDK5 regulatory subunit-associated protein 1,,Un,,NA,NA,,NA,NA,NA
202946,K,Apteryx mantelli mantelli,106485420,0,live,CEBPZ,cebpz,,CCAAT enhancer binding protein zeta,CCAAT/enhancer-binding protein zeta,,Un,,NA,NA,,NA,NA,NA
9031,J,Gallus gallus,430628,0,live,CHRNA10,chrna10,ALPHA 10 nAChR,cholinergic receptor, nicotinic, alpha 10 (neuronal),neuronal acetylcholine receptor subunit alpha-10|NACHR alpha-10|alpha 10 subunit of nicotinic acetylcholine receptor|nicotinic acetylcholine receptor subunit alpha-10,,1,NC_006088.5,197033423,197037102,minus,5,NA,NA
9031,J,Gallus gallus,395606,0,live,CHRNA4,chrna4,NACHRA4,cholinergic receptor nicotinic alpha 4 subunit,neuronal acetylcholine receptor subunit alpha-4|alpha-4 subunit, nicotinic acetylcholine receptor|cholinergic receptor, nicotinic, alpha 4 (neuronal)|cholinergic receptor, nicotinic, alpha polypeptide 4,,20,NC_006107.5,8871294,8889896,minus,6,NA,NA
175836,K,Buceros rhinoceros silvestris,104501097,0,live,CHST15,chst15,N320_05463,carbohydrate sulfotransferase 15,carbohydrate sulfotransferase 15,,Un,,NA,NA,,NA,NA,NA
64176,D,Podarcis muralis,114602802,0,live,CLCN6,clcn6,,chloride voltage-gated channel 6,chloride transport protein 6,,8,NC_041319.1,86026512,86062948,minus,24,NA,NA
57412,K,Colius striatus,104560943,0,live,CLCN7,clcn7,N325_02723,chloride voltage-gated channel 7,H(+)/Cl(-) exchange transporter 7,,Un,,NA,NA,,NA,NA,NA
13735,H,Pelodiscus sinensis,102463215,0,live,CLIP4,clip4,,CAP-Gly domain containing linker protein family member 4,CAP-Gly domain-containing linker protein 4,,Un,,NA,NA,,NA,NA,NA
28377,A,Anolis carolinensis,100555401,0,live,cltrn,cltrn,tmem27,collectrin, amino acid transport regulator,collectrin|transmembrane protein 27,,3,NC_014778.1,121548250,121580673,minus,6,NA,NA
9031,J,Gallus gallus,395722,0,live,CLU,clu,SP-40,clusterin,clusterin|apolipoprotein J)|clusterin (complement lysis inhibitor, SP-40,40, sulfated glycoprotein 2, testosterone-repressed prostate message 2, apolipoprotein J)|sulfated glycoprotein 2|testosterone-repressed prostate message 2,,3,,NA,NA,,NA,NA,NA
345164,K,Falco cherrug,102057234,0,live,CRY2,cry2,SLC35C1,cryptochrome circadian regulator 2,cryptochrome-2|cryptochrome 2 (photolyase-like)|cryptochrome circadian clock 2|solute carrier family 35 (GDP-fucose transporter), member C1,,Un,,NA,NA,,NA,NA,NA
9031,J,Gallus gallus,396089,0,live,CRYAB,cryab,alpha(B)-crystallin,crystallin alpha B,alpha-crystallin B chain|HspB5 protein|alpha B-crystallin,,24,NC_006111.5,6242317,6246235,plus,3,NA,NA
9031,J,Gallus gallus,396176,0,live,CSRP1,csrp1,,cysteine and glycine rich protein 1,cysteine and glycine-rich protein 1|CRP|CRP1|cysteine-rich protein 1,,26,NC_006113.5,772723,782045,plus,10,NA,NA
9031,J,Gallus gallus,418620,0,live,CTPS2,ctps2,,CTP synthase 2,CTP synthase 2|CTP synthase II|CTP synthetase 2|UTP--ammonia ligase 2,,1,NC_006088.5,122843947,122900763,plus,21,NA,NA
176946,G,Python bivittatus,103050806,0,live,CTU2,ctu2,,cytosolic thiouridylase subunit 2,cytoplasmic tRNA 2-thiolation protein 2,,Un,,NA,NA,,NA,NA,NA
9031,J,Gallus gallus,396052,0,live,CYP1A1,cyp1a1,CYP1A4, CYP1A5, CYPIA4, CYPIA5,cytochrome P450, family 1, subfamily A, polypeptide 1,cytochrome P450 1A4|cytochrome P450 1A1|cytochrome P450 1A5|cytochrome P450 TCDDAA|cytochrome P450 TCDDAHH|cytochrome P450, family 1, subfamily A, polypeptide 4,,10,NC_006097.5,2898906,2902531,plus,7,NA,NA
103944,G,Protobothrops mucrosquamatus,107284143,0,live,CYSTM1,cystm1,,cysteine rich transmembrane module containing 1,cysteine-rich and transmembrane domain-containing protein 1,,Un,,NA,NA,,NA,NA,NA
28377,A,Anolis carolinensis,103280799,0,live,daglb,daglb,,diacylglycerol lipase beta,sn1-specific diacylglycerol lipase beta,,Un,,NA,NA,,NA,NA,NA
9031,J,Gallus gallus,374066,0,live,DCXR,dcxr,DER, XR,dicarbonyl and L-xylulose reductase,D-erythrulose reductase|dicarbonyl/L-xylulose reductase|probable L-xylulose reductase,,18,NC_006105.5,4982851,4988195,plus,8,NA,NA
8479,H,Chrysemys picta,101937500,0,live,DDI2,ddi2,RSC1A1,DNA damage inducible 1 homolog 2,protein DDI1 homolog 2|regulatory solute carrier protein, family 1, member 1,,Un,,NA,NA,,NA,NA,NA
9031,J,Gallus gallus,427317,0,live,DHFR,dhfr,,dihydrofolate reductase,dihydrofolate reductase,,Z,NC_006127.5,64257309,64273299,plus,7,NA,NA
57412,K,Colius striatus,104549268,0,live,DHTKD1,dhtkd1,N325_00449,dehydrogenase E1 and transketolase domain containing 1,probable 2-oxoglutarate dehydrogenase E1 component DHKTD1, mitochondrial,,Un,,NA,NA,,NA,NA,NA
28377,A,Anolis carolinensis,100564662,0,live,dkk3,dkk3,,dickkopf WNT signaling pathway inhibitor 3,dickkopf-related protein 3,,Un,,NA,NA,,NA,NA,NA
9031,J,Gallus gallus,418787,0,live,DNAJC3,dnajc3,,DnaJ heat shock protein family (Hsp40) member C3,dnaJ homolog subfamily C member 3|DnaJ (Hsp40) homolog, subfamily C, member 3,,1,NC_006088.5,147369992,147401864,minus,12,NA,NA
28377,A,Anolis carolinensis,100552685,0,live,dpep1,dpep1,,dipeptidase 1,dipeptidase 1|dipeptidase 1 (renal),,Un,,NA,NA,,NA,NA,NA
57068,K,Acanthisitta chloris,103808864,0,live,DYM,dym,,dymeclin,dymeclin,,Un,,NA,NA,,NA,NA,NA
9031,J,Gallus gallus,423279,0,live,EIF2S1,eif2s1,,eukaryotic translation initiation factor 2 subunit alpha,eukaryotic translation initiation factor 2 subunit 1|eIF-2-alpha|eIF-2A|eIF-2alpha|eukaryotic translation initiation factor 2, subunit 1 alpha, 35kDa,,5,NC_006092.5,29170736,29180567,minus,8,NA,NA
9031,J,Gallus gallus,423343,0,live,ENTPD5,entpd5,,ectonucleoside triphosphate diphosphohydrolase 5 (inactive),ectonucleoside triphosphate diphosphohydrolase 5|LOW QUALITY PROTEIN: ectonucleoside triphosphate diphosphohydrolase 5|GDPase ENTPD5|NTPDase 5|UDPase ENTPD5|guanosine-diphosphatase ENTPD5|uridine-diphosphatase ENTPD5,,5,NC_006092.5,37915144,37933704,minus,14,NA,NA
103695,B,Pogona vitticeps,110086071,0,live,ERP44,erp44,,endoplasmic reticulum protein 44,endoplasmic reticulum resident protein 44,,Un,,NA,NA,,NA,NA,NA
279965,K,Antrostomus carolinensis,104528613,0,live,ETFA,etfa,N321_03538,electron transfer flavoprotein subunit alpha,electron transfer flavoprotein subunit alpha, mitochondrial|electron transfer flavoprotein alpha subunit,,Un,,NA,NA,,NA,NA,NA
38654,I,Alligator sinensis,112548425,0,live,ETFB,etfb,,electron transfer flavoprotein subunit beta,electron transfer flavoprotein subunit beta,,Un,,NA,NA,,NA,NA,NA
9031,J,Gallus gallus,423028,0,live,FAR1,far1,MLSTD2,fatty acyl-CoA reductase 1,fatty acyl-CoA reductase 1|male sterility domain containing 2|male sterility domain-containing protein 2,,5,NC_006092.5,7710324,7793832,minus,15,NA,NA
9031,J,Gallus gallus,396061,0,live,FASN,fasn,,fatty acid synthase,fatty acid synthase|thioesterase,,18,NC_006105.5,4912089,4948124,plus,43,NA,NA
9031,J,Gallus gallus,373947,0,live,FDX1,fdx1,,ferredoxin 1,adrenodoxin, mitochondrial|adrenal ferredoxin,,1,NC_006088.5,180901126,180917603,minus,4,NA,NA
103944,G,Protobothrops mucrosquamatus,107296703,0,live,FLAD1,flad1,,flavin adenine dinucleotide synthetase 1,FAD synthase,,Un,,NA,NA,,NA,NA,NA
9031,J,Gallus gallus,374100,0,live,FLT1,flt1,,fms related receptor tyrosine kinase 1,vascular endothelial growth factor receptor 1|VEGFR-1|fms related tyrosine kinase 1|vascular endothelial growth factor/vascular permeability factor receptor,,1,NC_006088.5,177165538,177266964,plus,30,NA,NA
28377,A,Anolis carolinensis,100560866,0,live,g3bp1,g3bp1,,G3BP stress granule assembly factor 1,ras GTPase-activating protein-binding protein 1|GTPase activating protein (SH3 domain) binding protein 1,,Un,,NA,NA,,NA,NA,NA
28377,A,Anolis carolinensis,100561178,0,live,g3bp2,g3bp2,,G3BP stress granule assembly factor 2,ras GTPase-activating protein-binding protein 2|GTPase activating protein (SH3 domain) binding protein 2,,6,NC_014781.1,59101771,59139565,plus,12,NA,NA
44394,K,Zonotrichia albicollis,102073734,0,live,GAA,gaa,,glucosidase alpha, acid,lysosomal alpha-glucosidase|sodium-independent sulfate anion transporter|solute carrier family 26 (anion exchanger), member 11,,Un,,NA,NA,,NA,NA,NA
8839,K,Anas platyrhynchos,101792816,0,live,GDPD2,gdpd2,Anapl_04068,glycerophosphodiester phosphodiesterase domain containing 2,glycerophosphoinositol inositolphosphodiesterase GDPD2|Glycerophosphodiester phosphodiesterase domain-containing protein 2,,10,NC_040055.1,11821804,11837330,minus,19,NA,NA
9031,J,Gallus gallus,395278,0,live,GJA1,gja1,CX43, connexin-43,gap junction protein alpha 1,gap junction alpha-1 protein|connexin 43,,3,NC_006090.5,61830888,61838384,minus,2,NA,NA
9031,J,Gallus gallus,424779,0,live,GK5,gk5,,glycerol kinase 5 (putative),putative glycerol kinase 5|ATP:glycerol 3-phosphotransferase 5|GK 5|glycerokinase 5,,9,NC_006096.5,10550197,10571327,minus,16,NA,NA
54380,K,Cariama cristata,104160878,0,live,GMPS,gmps,N322_03799,guanine monophosphate synthase,GMP synthase [glutamine-hydrolyzing]|GMP synthase,,Un,,NA,NA,,NA,NA,NA
9031,J,Gallus gallus,396261,0,live,GOT1,got1,cAspAT, cCAT,glutamic-oxaloacetic transaminase 1,aspartate aminotransferase, cytoplasmic|cysteine aminotransferase, cytoplasmic|cysteine transaminase, cytoplasmic|glutamate oxaloacetate transaminase 1|glutamic-oxaloacetic transaminase 1, soluble (aspartate aminotransferase 1)|transaminase A,,6,NC_006093.5,23099932,23103502,plus,9,NA,NA
9031,J,Gallus gallus,396533,0,live,GOT2,got2,,glutamic-oxaloacetic transaminase 2,aspartate aminotransferase, mitochondrial|glutamate oxaloacetate transaminase 2|glutamic-oxaloacetic transaminase 2, mitochondrial (aspartate aminotransferase 2)|kynurenine aminotransferase 4|kynurenine aminotransferase IV|kynurenine--oxoglutarate transaminase 4|kynurenine--oxoglutarate transaminase IV|mAspAT|transaminase A,,11,NC_006098.5,1475178,1485088,minus,11,NA,NA
9031,J,Gallus gallus,423442,0,live,GSKIP,gskip,C14orf129, C5H14ORF129, HSPC210,GSK3B interacting protein,GSK3-beta interaction protein,,5,NC_006092.5,46646127,46650388,plus,4,NA,NA
9031,J,Gallus gallus,414896,0,live,GSTA3,gsta3,GST, GSTA1,glutathione S-transferase alpha 3,glutathione S-transferase|GST class-alpha|glutathione S-transferase A1|glutathione S-transferase alpha 1,,3,NC_006090.5,88390015,88395707,plus,6,NA,NA
9031,J,Gallus gallus,396322,0,live,GSTT1,gstt1,,glutathione S-transferase theta 1,glutathione S-transferase theta-1|GST class-theta|GST-CL1|theta glutathione-S-transferase,,15,NC_006102.5,8395955,8405556,plus,6,NA,NA
9031,J,Gallus gallus,395444,0,live,HABP4,habp4,,hyaluronan binding protein 4,intracellular hyaluronan-binding protein 4|IHABP4|intracellular hyaluronan-binding protein p57,,Z,NC_006127.5,42191322,42213072,plus,7,NA,NA
28377,A,Anolis carolinensis,100560750,0,live,herpud1,herpud1,,homocysteine inducible ER protein with ubiquitin like domain 1,homocysteine-responsive endoplasmic reticulum-resident ubiquitin-like domain member 1 protein|homocysteine-inducible, endoplasmic reticulum stress-inducible, ubiquitin-like domain member 1,,Un,,NA,NA,,NA,NA,NA
64176,D,Podarcis muralis,114607247,0,live,HERPUD2,herpud2,,HERPUD family member 2,homocysteine-responsive endoplasmic reticulum-resident ubiquitin-like domain member 2 protein,,12,NC_041323.1,54637249,54656487,minus,8,NA,NA
28377,A,Anolis carolinensis,100566016,0,live,hid1,hid1,,HID1 domain containing,protein HID1|UPF0663 transmembrane protein C17orf28 homolog,,2,NC_014777.1,115019330,115072987,plus,19,NA,NA
9031,J,Gallus gallus,374177,0,live,HIF1A,hif1a,,hypoxia inducible factor 1 subunit alpha,hypoxia-inducible factor 1-alpha|HIF-1-alpha|HIF1-alpha|hypoxia inducible factor 1 alpha subunit|hypoxia inducible factor 1, alpha subunit (basic helix-loop-helix transcription factor),,5,NC_006092.5,54161507,54192275,minus,18,NA,NA
9031,J,Gallus gallus,396316,0,live,HMGCL,hmgcl,HL,3-hydroxy-3-methylglutaryl-CoA lyase,hydroxymethylglutaryl-CoA lyase, mitochondrial|3-hydroxy-3-methylglutarate-CoA lyase|3-hydroxymethyl-3-methylglutaryl-CoA lyase|3-hydroxymethyl-3-methylglutaryl-Coenzyme A lyase|HMG-CoA lyase,,23,NC_006110.5,5743508,5747131,minus,10,NA,NA
9031,J,Gallus gallus,396379,0,live,HMGCS1,hmgcs1,,3-hydroxy-3-methylglutaryl-CoA synthase 1,hydroxymethylglutaryl-CoA synthase, cytoplasmic|3-hydroxy-3-methylglutaryl coenzyme A synthase|3-hydroxy-3-methylglutaryl-CoA synthase 1 (soluble)|3-hydroxy-3-methylglutaryl-Coenzyme A synthase 1 (soluble)|HMG-CoA synthase,,Z,NC_006127.5,13648499,13665260,minus,13,NA,NA
9031,J,Gallus gallus,396287,0,live,HMOX1,hmox1,HO-1,heme oxygenase 1,heme oxygenase 1|heme oxygenase (decycling) 1,,1,NC_006088.5,52103885,52109345,minus,5,NA,NA
9031,J,Gallus gallus,395653,0,live,HPRT1,hprt1,HPRT,hypoxanthine phosphoribosyltransferase 1,hypoxanthine-guanine phosphoribosyltransferase|HGPRT|HGPRTase|hypoxanthine guanine phosphoribosyl transferase|hypoxanthine phosphoribosyltransferase 1 (Lesch-Nyhan syndrome),,4,NC_006091.5,4025994,4041861,plus,9,NA,NA
9031,J,Gallus gallus,396229,0,live,HRAS,hras,H-RAS1, HRAS,HRas proto-oncogene, GTPase,GTPase HRas|H-Ras-1|Harvey rat sarcoma viral oncogene homolog|c-H-ras|p21ras|transforming protein p21|v-Ha-ras Harvey rat sarcoma viral oncogene homolog|v-Ha-ras Harvey rat sarcoma viral oncogene-like protein,,5,NC_006092.5,16242807,16252401,plus,5,NA,NA
9031,J,Gallus gallus,421724,0,live,HSF2,hsf2,HSF3B, HSTF3B,heat shock transcription factor 2,heat shock factor protein 2|HSF 2|HSF 3B|HSTF 2|HSTF 3B,,3,NC_006090.5,61387823,61409039,minus,13,NA,NA
9031,J,Gallus gallus,422169,0,live,HSF3,hsf3,HSF 3, HSF 3C, HSF1, HSTF 3, HSTF 3C,Heat shock factor protein 3,heat shock factor protein 3|heat shock transcription factor 1|heat shock transcription factor 3,,4,NC_006091.5,282366,297374,minus,14,NA,NA
9031,J,Gallus gallus,396188,0,live,HSP90AB1,hsp90ab1,HSPCB,heat shock protein 90 alpha family class B member 1,heat shock cognate protein HSP 90-beta|heat shock 90kDa protein 1, beta|heat shock protein 90 beta|heat shock protein 90kDa alpha (cytosolic), class B member 1|hsp90 beta,,3,NC_006090.5,30393089,30399047,minus,13,NA,NA
8839,K,Anas platyrhynchos,101798984,0,live,HSPA4L,hspa4l,Anapl_04725, SLC25A31,heat shock protein family A (Hsp70) member 4 like,heat shock 70 kDa protein 4L|Heat shock 70 kDa protein 4L|solute carrier family 25 (mitochondrial carrier; adenine nucleotide translocator), member 31,,4,NC_040049.1,40971739,40998212,minus,19,NA,NA
9031,J,Gallus gallus,396487,0,live,HSPA5,hspa5,GRP78,heat shock 70kDa protein 5 (glucose-regulated protein, 78kDa),endoplasmic reticulum chaperone BiP|78 kDa glucose-regulated protein|GRP-78|HSP70 family protein 5|biP|binding-immunoglobulin protein|heat shock 70 kDa protein 5|heat shock protein 70 family protein 5|heat shock protein family A member 5|immunoglobulin heavy chain-binding protein,,17,NC_006104.5,9890854,9894906,minus,9,NA,NA
28377,A,Anolis carolinensis,100556293,0,live,hspa9,hspa9,,heat shock protein family A (Hsp70) member 9,stress-70 protein, mitochondrial|heat shock 70kDa protein 9 (mortalin),,1,NC_014776.1,131018254,131036997,minus,17,NA,NA
103695,B,Pogona vitticeps,110085158,0,live,HSPB1,hspb1,,heat shock protein family B (small) member 1,heat shock protein beta-1,,Un,,NA,NA,,NA,NA,NA
8469,H,Chelonia mydas,102942714,0,live,HSPB8,hspb8,,heat shock protein family B (small) member 8,LOW QUALITY PROTEIN: heat shock protein beta-8,,Un,,NA,NA,,NA,NA,NA
176946,G,Python bivittatus,103058107,0,live,HYKK,hykk,,hydroxylysine kinase,hydroxylysine kinase,,Un,,NA,NA,,NA,NA,NA
9031,J,Gallus gallus,418090,0,live,IGF1,igf1,IGF-1, IGF-I,insulin like growth factor 1,insulin-like growth factor I|insulin-like growth factor 1 (somatomedin C)|somatomedin,,1,NC_006088.5,55281097,55329525,plus,4,NA,NA
381198,K,Anser cygnoides domesticus,106049442,0,live,ILVBL,ilvbl,,ilvB acetolactate synthase like,acetolactate synthase-like protein,,Un,,NA,NA,,NA,NA,NA
9031,J,Gallus gallus,420442,0,live,INSIG1,insig1,,insulin induced gene 1,insulin-induced gene 1 protein|INSIG-1,,2,NC_006089.5,7910231,7918978,plus,5,NA,NA
9031,J,Gallus gallus,427490,0,live,IREB2,ireb2,,iron responsive element binding protein 2,iron-responsive element-binding protein 2|IRE-BP 2,,10,NC_006097.5,4111782,4133567,minus,22,NA,NA
9031,J,Gallus gallus,423421,0,live,ITPK1,itpk1,,inositol-tetrakisphosphate 1-kinase,inositol-tetrakisphosphate 1-kinase|inositol 1,3,4-triphosphate 5/6 kinase|inositol 1,3,4-trisphosphate 5/6-kinase|inositol-triphosphate 5/6-kinase|ins(1,3,4)P(3) 5/6-kinase,,5,NC_006092.5,45096528,45230237,minus,11,NA,NA
9031,J,Gallus gallus,424673,0,live,JUN,jun,,Jun proto-oncogene, AP-1 transcription factor subunit,transcription factor AP-1|jun oncogene|proto-oncogene c-jun|v-jun sarcoma virus 17 oncogene,,8,NC_006095.5,26714120,26715827,minus,1,NA,NA
28377,A,Anolis carolinensis,100558649,0,live,kcnk1,kcnk1,,potassium two pore domain channel subfamily K member 1,potassium channel subfamily K member 1|potassium channel, subfamily K, member 1,,1,NC_014776.1,220519467,220546008,minus,3,NA,NA
9031,J,Gallus gallus,420148,0,live,KLF2,klf2,,Kruppel like factor 2,Krueppel-like factor 2|Kruppel-like factor 2 (lung),,28,NC_006115.5,4485518,4487126,minus,3,NA,NA
9031,J,Gallus gallus,396136,0,live,LCAT,lcat,,lecithin-cholesterol acyltransferase,phosphatidylcholine-sterol acyltransferase|phospholipid-cholesterol acyltransferase,,11,NC_006098.5,1034932,1041302,minus,6,NA,NA
9031,J,Gallus gallus,396221,0,live,LDHA,ldha,,lactate dehydrogenase A,L-lactate dehydrogenase A chain|LDH-A,,5,NC_006092.5,12754120,12760009,plus,8,NA,NA
9031,J,Gallus gallus,373997,0,live,LDHB,ldhb,,lactate dehydrogenase B,L-lactate dehydrogenase B chain,,1,NC_006088.5,67031006,67040698,plus,8,NA,NA
103944,G,Protobothrops mucrosquamatus,107286935,0,live,LGR4,lgr4,,leucine rich repeat containing G protein-coupled receptor 4,leucine-rich repeat-containing G-protein coupled receptor 4,,Un,,NA,NA,,NA,NA,NA
9031,J,Gallus gallus,396381,0,live,LHX1,lhx1,LIM-1,LIM homeobox 1,LIM/homeobox protein Lhx1|LIM homeobox protein 1|domesticus (clone 2.3 kB) lim-1|homeobox protein Lim-1,,19,NC_006106.5,8536207,8540685,plus,5,NA,NA
8479,H,Chrysemys picta,101946556,0,live,LIPH,liph,,lipase H,lipase member H,,Un,,NA,NA,,NA,NA,NA
28377,A,Anolis carolinensis,100556298,0,live,lpl,lpl,,lipoprotein lipase,LOW QUALITY PROTEIN: lipoprotein lipase,,2,NC_014777.1,75015598,75051948,minus,10,NA,NA
28377,A,Anolis carolinensis,100551914,0,live,ltv1,ltv1,,LTV1 ribosome biogenesis factor,protein LTV1 homolog,,1,NC_014776.1,206046508,206055184,plus,11,NA,NA
93934,K,Coturnix japonica,107321628,0,live,MAN1B1,man1b1,,mannosidase alpha class 1B member 1,endoplasmic reticulum mannosyl-oligosaccharide 1,2-alpha-mannosidase,,17,NC_029532.1,41808,54972,minus,13,NA,NA
38654,I,Alligator sinensis,102375976,0,live,MAP7,map7,,microtubule associated protein 7,ensconsin,,Un,,NA,NA,,NA,NA,NA
103695,B,Pogona vitticeps,110082952,0,live,MAPKAP1,mapkap1,,MAPK associated protein 1,target of rapamycin complex 2 subunit MAPKAP1|mitogen-activated protein kinase associated protein 1,,Un,,NA,NA,,NA,NA,NA
381198,K,Anser cygnoides domesticus,106038116,0,live,MCM3,mcm3,,minichromosome maintenance complex component 3,DNA replication licensing factor MCM3,,Un,,NA,NA,,NA,NA,NA
9031,J,Gallus gallus,101749776,0,live,MCRIP1,mcrip1,FAM195B,MAPK regulated corepressor interacting protein 1,mapk-regulated corepressor-interacting protein 1|Protein FAM195B|family with sequence similarity 195 member B,,18,NC_006105.5,9910288,9913147,minus,5,NA,NA
9031,J,Gallus gallus,421281,0,live,MDH1,mdh1,,malate dehydrogenase 1,malate dehydrogenase, cytoplasmic|malate dehydrogenase, peroxisomal|cytosolic malate dehydrogenase|malate dehydrogenase 1, NAD (soluble)|malate dehydrogenase, cytoplasmic; malate dehydrogenase, peroxisomal,,3,NC_006090.5,10132110,10143027,plus,9,NA,NA
9031,J,Gallus gallus,100857237,0,live,MIF,mif,,macrophage migration inhibitory factor (glycosylation-inhibiting factor),macrophage migration inhibitory factor|L-dopachrome isomerase|L-dopachrome tautomerase|Phenylpyruvate tautomerase,,15,NC_006102.5,8375207,8377043,plus,3,NA,NA
9031,J,Gallus gallus,424597,0,live,MMACHC,mmachc,CblC,methylmalonic aciduria (cobalamin deficiency) cblC type, with homocystinuria,methylmalonic aciduria and homocystinuria type C protein homolog|cyanocobalamin reductase (cyanide-eliminating),,8,NC_006095.5,21490171,21495849,plus,4,NA,NA
9031,J,Gallus gallus,386583,0,live,MMP2,mmp2,,matrix metallopeptidase 2,72 kDa type IV collagenase|72 kDa gelatinase|MMP-2|gelatinase A|matrix metallopeptidase 2 (gelatinase A, 72kDa gelatinase, 72kDa type IV collagenase)|matrix metalloproteinase 2 (gelatinase A, 72kDa gelatinase, 72kDa type IV collagenase)|matrix metalloproteinase-2,,11,NC_006098.5,3706910,3741617,minus,13,NA,NA
9031,J,Gallus gallus,419872,0,live,MOV10,mov10,,Mov10 RISC complex RNA helicase,putative helicase MOV-10|Mov10, Moloney leukemia virus 10, homolog,,26,NC_006113.5,3544880,3550993,plus,22,NA,NA
9031,J,Gallus gallus,416540,0,live,MSRB1,msrb1,SEPX1,methionine sulfoxide reductase B1,methionine-R-sulfoxide reductase B1|selenoprotein X, 1,,14,NC_006101.5,6507434,6520157,minus,5,NA,NA
9031,J,Gallus gallus,426126,0,live,MTHFD2,mthfd2,,methylenetetrahydrofolate dehydrogenase (NADP+ dependent) 2, methenyltetrahydrofolate cyclohydrolase,bifunctional methylenetetrahydrofolate dehydrogenase/cyclohydrolase, mitochondrial,,22,NC_006109.5,3867419,3873933,plus,8,NA,NA
9031,J,Gallus gallus,395702,0,live,MTPN,mtpn,,myotrophin,myotrophin|V1 protein homologue|granule cell differentiation protein|protein V-1,,1,NC_006088.5,58205713,58243481,plus,4,NA,NA
146911,C,Gekko japonicus,107113572,0,live,MTRES1,mtres1,,mitochondrial transcription rescue factor 1,uncharacterized protein C6orf203 homolog,,Un,,NA,NA,,NA,NA,NA
9031,J,Gallus gallus,396469,0,live,MYH9,myh9,NMMHC, myosin, non-muscle, nonmuscle,myosin, heavy chain 9, non-muscle,myosin-9|NMMHC II-a|NMMHC-A|NMMHC-IIA|cellular myosin heavy chain, type A|heavy polypeptide 9|myosin heavy chain 9|myosin heavy chain, non-muscle IIa|myosin heavy chain, nonmuscle|myosin, heavy polypeptide 9, non-muscle|non-muscle IIa|non-muscle myosin heavy chain A|non-muscle myosin heavy chain IIa|type A,,1,NC_006088.5,51734199,51820934,plus,43,NA,NA
9031,J,Gallus gallus,396215,0,live,MYL9,myl9,DTNB, G1, MLC-2, MLC2,myosin, light chain 9, regulatory,myosin regulatory light chain 2, smooth muscle major isoform|isoform L20-A|light polypeptide 9|myosin light chain 2|myosin regulatory light polypeptide 9|myosin, light polypeptide 9, regulatory|smooth muscle major isoform,,20,NC_006107.5,485849,492638,minus,5,NA,NA
9031,J,Gallus gallus,396547,0,live,NAGA,naga,,alpha-N-acetylgalactosaminidase,alpha-N-acetylgalactosaminidase|N-acetylgalactosaminidase, alpha-|alpha-galactosidase B,,1,NC_006088.5,49428093,49432399,plus,8,NA,NA
9031,J,Gallus gallus,417987,0,live,NFE2L1,nfe2l1,,nuclear factor, erythroid 2 like 1,endoplasmic reticulum membrane sensor NFE2L1|NF-E2-related factor 1|NFE2-related factor 1|nuclear factor (erythroid-derived 2)-like 1|nuclear factor erythroid 2-related factor 1,,27,NC_006114.5,6479451,6488365,minus,7,NA,NA
28377,A,Anolis carolinensis,100566624,0,live,nfkb2,nfkb2,,nuclear factor kappa B subunit 2,LOW QUALITY PROTEIN: nuclear factor NF-kappa-B p100 subunit|nuclear factor of kappa light polypeptide gene enhancer in B-cells 2 (p49/p100),,Un,,NA,NA,,NA,NA,NA
103944,G,Protobothrops mucrosquamatus,107292297,0,live,NPC1,npc1,,NPC intracellular cholesterol transporter 1,NPC intracellular cholesterol transporter 1,,Un,,NA,NA,,NA,NA,NA
9031,J,Gallus gallus,429074,0,live,NPL,npl,,N-acetylneuraminate pyruvate lyase,N-acetylneuraminate lyase|N-acetylneuraminate pyruvate lyase (dihydrodipicolinate synthase)|N-acetylneuraminic acid aldolase|NALase|sialate lyase|sialate-pyruvate lyase|sialic acid aldolase|sialic acid lyase,,8,NC_006095.5,7811785,7832540,plus,16,NA,NA
93934,K,Coturnix japonica,107320036,0,live,NR3C1,nr3c1,GR,nuclear receptor subfamily 3 group C member 1,glucocorticoid receptor,,13,NC_029528.1,804130,856543,plus,11,NA,NA
9031,J,Gallus gallus,423871,0,live,NT5C2,nt5c2,,5'-nucleotidase, cytosolic II,cytosolic purine 5'-nucleotidase|cytosolic 5'-nucleotidase II,,6,NC_006093.5,24455064,24515399,minus,22,NA,NA
9031,J,Gallus gallus,395080,0,live,NT5C3A,nt5c3a,NT5C3, PYN1,5'-nucleotidase, cytosolic IIIA,cytosolic 5'-nucleotidase 3A|5'-nucleotidase, cytosolic III|7-methylguanosine nucleotidase|7-methylguanosine phosphate-specific 5'-nucleotidase|P5'N-1|P5N-1|PN-I|cN-III|cytosolic 5'-nucleotidase 3|cytosolic 5'-nucleotidase III|pyrimidine 5'-nucleotidase 1,,2,NC_006089.5,47912825,47936392,plus,14,NA,NA
9031,J,Gallus gallus,396389,0,live,NTN1,ntn1,netrin-1,netrin 1,netrin-1,,18,NC_006105.5,2045396,2092970,plus,6,NA,NA
9031,J,Gallus gallus,425059,0,live,ORMDL2,ormdl2,,ORMDL sphingolipid biosynthesis regulator 2,ORM1-like protein 2|ORM1-like 2,,33,NC_008465.4,5538239,5540265,plus,4,NA,NA
28377,A,Anolis carolinensis,100558376,0,live,oscp1,oscp1,,organic solute carrier partner 1,protein OSCP1,,Un,,NA,NA,,NA,NA,NA
146911,C,Gekko japonicus,107121310,0,live,OSER1,oser1,,oxidative stress responsive serine rich 1,oxidative stress-responsive serine-rich protein 1,,Un,,NA,NA,,NA,NA,NA
28377,A,Anolis carolinensis,103279343,0,live,osgin1,osgin1,,oxidative stress induced growth inhibitor 1,oxidative stress-induced growth inhibitor 1,,c,NC_014784.1,6922956,6936751,plus,6,NA,NA
9031,J,Gallus gallus,395735,0,live,OTC,otc,,ornithine carbamoyltransferase,ornithine carbamoyltransferase, mitochondrial|OTCase,,1,NC_006088.5,114206427,114232333,minus,10,NA,NA
28377,A,Anolis carolinensis,100561570,0,live,oxsr1,oxsr1,,oxidative stress responsive kinase 1,serine/threonine-protein kinase OSR1|oxidative stress responsive 1,,6,NC_014781.1,785780,870694,minus,18,NA,NA
9031,J,Gallus gallus,771952,0,live,P2RX7,p2rx7,,purinergic receptor P2X 7,P2X purinoceptor 7|purinergic receptor P2X, ligand gated ion channel, 7,,15,NC_006102.5,5715157,5727149,plus,13,NA,NA
9031,J,Gallus gallus,414143,0,live,P3H2,p3h2,LEPREL1,prolyl 3-hydroxylase 2,prolyl 3-hydroxylase 2|leprecan-like 1|leprecan-like protein 1,,9,NC_006096.5,14138902,14200554,plus,17,NA,NA
9031,J,Gallus gallus,374091,0,live,P4HB,p4hb,PDI,prolyl 4-hydroxylase subunit beta,protein disulfide-isomerase|R-cognin|cellular thyroid hormone-binding protein|procollagen-proline, 2-oxoglutarate 4-dioxygenase (proline 4-hydroxylase), beta polypeptide (protein disulfide isomerase-associated 1)|procollagen-proline, 2-oxoglutarate 4-dioxygenase (proline 4-hydroxylase), beta polypeptide (protein disulfide isomerase; thyroid hormone binding protein p55)|prolyl 4-hydroxylase beta-subunit|prolyl 4-hydroxylase, beta polypeptide|retina cognin,,18,NC_006105.5,9917130,9925485,minus,11,NA,NA
9031,J,Gallus gallus,395277,0,live,PARK7,park7,DJ-1,Parkinsonism associated deglycase,protein/nucleic acid deglycase DJ-1|Parkinson disease (autosomal recessive, early onset) 7|Parkinson disease 7|maillard deglycase|parkinson disease protein 7 homolog|parkinsonism-associated deglycase|protein DJ-1|protein deglycase DJ-1,,21,NC_006108.5,264288,272660,minus,8,NA,NA
9031,J,Gallus gallus,396457,0,live,PCK2,pck2,PEPCK-M,phosphoenolpyruvate carboxykinase 2, mitochondrial,phosphoenolpyruvate carboxykinase [GTP], mitochondrial|phosphoenolpyruvate carboxylase,,Un,,NA,NA,,NA,NA,NA
9031,J,Gallus gallus,425003,0,live,PDCD10,pdcd10,,programmed cell death 10,programmed cell death protein 10,,9,NC_006096.5,20764384,20776137,plus,9,NA,NA
35019,G,Thamnophis sirtalis,106554165,0,live,PDHA1,pdha1,,pyruvate dehydrogenase E1 subunit alpha 1,pyruvate dehydrogenase E1 component subunit alpha, somatic form, mitochondrial|pyruvate dehydrogenase (lipoamide) alpha 1|pyruvate dehydrogenase E1 alpha 1 subunit|pyruvate dehydrogenase alpha 1,,Un,,NA,NA,,NA,NA,NA
9031,J,Gallus gallus,373899,0,live,PDIA3,pdia3,25D3-membrane-associated, 58kDa, ERp57, GRP58,protein disulfide isomerase family A member 3,protein disulfide-isomerase A3|1,25D3-MARRS protein|1,25D3-membrane-associated, rapid-response steroid-binding protein|25D3-MARRS protein|ER protein 57|endoplasmic reticulum resident protein 57|glucose regulated protein, 58kDa|glucose regulated thiol oxidoreductase protein|glucose-regulated thiol oxidoreductase 58 kDa protein|rapid-response steroid-binding protein,,10,NC_006097.5,20574322,20583234,minus,13,NA,NA
9031,J,Gallus gallus,414873,0,live,PDLIM3,pdlim3,ALP, SkALP, SmALP, p36-ALP, p40-ALP,PDZ and LIM domain 3,PDZ and LIM domain protein 3|alpha-actinin associated LIM protein smooth muscle isoform|alpha-actinin-associated LIM protein,,4,NC_006091.5,61062025,61084487,minus,9,NA,NA
9031,J,Gallus gallus,395643,0,live,PDLIM4,pdlim4,RIL,PDZ and LIM domain 4,PDZ and LIM domain protein 4|LIM protein RIL|reversion-induced LIM protein,,13,NC_006100.5,17488965,17519489,plus,7,NA,NA
9031,J,Gallus gallus,416362,0,live,PDLIM7,pdlim7,LMP, LMP-4,PDZ and LIM domain 7,PDZ and LIM domain protein 7|Enigma 90kDa large protein|Enigma LIM-domain loss protein|Enigma protein alpha|Enigma protein beta|Enigma protein gamma|LIM mineralization protein|LIM mineralizing protein|PDZ and LIM domain 7 (enigma),,13,NC_006100.5,10873692,10890210,minus,29,NA,NA
28377,A,Anolis carolinensis,100562877,0,live,pgm1,pgm1,,phosphoglucomutase 1,phosphoglucomutase-1,,4,NC_014779.1,99124799,99165852,minus,11,NA,NA
9031,J,Gallus gallus,416559,0,live,PGP,pgp,AUM, G3PP,phosphoglycolate phosphatase,glycerol-3-phosphate phosphatase|PGPase|aspartate-based ubiquitous Mg(2+)-dependent phosphatase,,14,NC_006101.5,6892250,6895546,minus,2,NA,NA
28377,A,Anolis carolinensis,100560016,0,live,pltp,pltp,,phospholipid transfer protein,phospholipid transfer protein,,Un,,NA,NA,,NA,NA,NA
9031,J,Gallus gallus,373928,0,live,PPARG,pparg,PPARgamma,peroxisome proliferator-activated receptor gamma,peroxisome proliferator-activated receptor gamma|peroxisome proliferative activated receptor, gamma,,12,NC_006099.5,5238261,5291881,plus,9,NA,NA
9031,J,Gallus gallus,422743,0,live,PPAT,ppat,,phosphoribosyl pyrophosphate amidotransferase,amidophosphoribosyltransferase|ATase|GPAT|glutamine phosphoribosylpyrophosphate amidotransferase,,4,NC_006091.5,64741531,64783894,plus,11,NA,NA
308060,K,Apteryx rowi,112969203,0,live,PPM1B,ppm1b,,protein phosphatase, Mg2+/Mn2+ dependent 1B,protein phosphatase 1B,,Un,,NA,NA,,NA,NA,NA
9031,J,Gallus gallus,396019,0,live,PPP1CB,ppp1cb,,protein phosphatase 1 catalytic subunit beta,serine/threonine-protein phosphatase PP1-beta catalytic subunit|PP-1B|protein phosphatase 1, catalytic subunit, beta isoform|protein phosphatase 1, catalytic subunit, beta isozyme|protein phosphatase 1, catalytic subunit,, delta (gizzard),,3,NC_006090.5,27329669,27359503,minus,8,NA,NA
28377,A,Anolis carolinensis,100553675,0,live,prcc,prcc,,proline rich mitotic checkpoint control factor,proline-rich protein PRCC|PRCC, proline rich mitotic checkpoint control factor|papillary renal cell carcinoma (translocation-associated),,Un,,NA,NA,,NA,NA,NA
9031,J,Gallus gallus,424598,0,live,PRDX1,prdx1,Peroxiredoxin-1,peroxiredoxin 1,peroxiredoxin-1,,8,NC_006095.5,21501345,21507655,minus,6,NA,NA
9031,J,Gallus gallus,417508,0,live,PRKRIP1,prkrip1,,PRKR interacting protein 1 (IL11 inducible),PRKR-interacting protein 1 homolog,,19,NC_006106.5,4277201,4285736,plus,6,NA,NA
9031,J,Gallus gallus,396452,0,live,PRNP,prnp,Prn-p, prp,prion protein,major prion protein homolog|65-21 protein|ARIA|PR-LP|acetylcholine receptor-inducing activity|prion protein (p27-30) (Creutzfeldt-Jakob disease, Gerstmann-Strausler-Scheinker syndrome, fatal familial insomnia)|prion-like-protein,,22,NC_006109.5,577126,581857,minus,3,NA,NA
345164,K,Falco cherrug,102045807,0,live,PRPF4,prpf4,,pre-mRNA processing factor 4,U4/U6 small nuclear ribonucleoprotein Prp4|PRP4 pre-mRNA processing factor 4 homolog|solute carrier family 31 (copper transporter), member 1,,Un,,NA,NA,,NA,NA,NA
8496,I,Alligator mississippiensis,106736931,0,live,PRPS1,prps1,Y1Q_0007254, SLC25A53,phosphoribosyl pyrophosphate synthetase 1,ribose-phosphate pyrophosphokinase 1|solute carrier family 25, member 53,,Un,,NA,NA,,NA,NA,NA
9031,J,Gallus gallus,418639,0,live,PRPS2,prps2,,phosphoribosyl pyrophosphate synthetase 2,ribose-phosphate pyrophosphokinase 2|PRS-II|phosphoribosyl pyrophosphate synthase II|phosphoribosyl pyrophosphate synthetase II,,1,NC_006088.5,124459861,124485273,plus,9,NA,NA
9031,J,Gallus gallus,416521,0,live,PRPSAP2,prpsap2,,phosphoribosyl pyrophosphate synthetase associated protein 2,phosphoribosyl pyrophosphate synthase-associated protein 2|PRPP synthase-associated protein 2|PRPP synthetase-associated protein 2,,14,NC_006101.5,5519221,5533883,plus,12,NA,NA
9031,J,Gallus gallus,395602,0,live,PSAP,psap,,prosaposin,prosaposin|proactivator polypeptide,,6,NC_006093.5,12653094,12673291,minus,16,NA,NA
9031,J,Gallus gallus,373977,0,live,PSEN1,psen1,PS-1, presenilin-1,presenilin 1,presenilin-1,,5,NC_006092.5,26590279,26615593,minus,12,NA,NA
9031,J,Gallus gallus,374188,0,live,PSEN2,psen2,PS2, presenilin-2,presenilin 2,presenilin-2|PS-2|presenilin 2 (Alzheimer disease 4),,3,NC_006090.5,12596655,12614801,minus,12,NA,NA
30419,K,Opisthocomus hoazin,104337423,0,live,PSMA4,psma4,N306_15261,proteasome 20S subunit alpha 4,proteasome subunit alpha type-4|Hydroxylysine kinase|Proteasome subunit alpha type-4|proteasome subunit alpha 4,,Un,,NA,NA,,NA,NA,NA
9031,J,Gallus gallus,396451,0,live,PTGS2,ptgs2,CEF147, PGHS2, PHSII,prostaglandin-endoperoxide synthase 2,prostaglandin G/H synthase 2|COX-2|PGH synthase 2|PGHS-2|PHS II|cyclooxygenase-2|mitogen-inducible PGHS|prostaglandin H2 synthase 2|prostaglandin-endoperoxide synthase 2 (prostaglandin G/H synthase and cyclooxygenase),,8,NC_006095.5,10714136,10722126,plus,10,NA,NA
9031,J,Gallus gallus,395815,0,live,PTPN11,ptpn11,SYP,protein tyrosine phosphatase non-receptor type 11,tyrosine-protein phosphatase non-receptor type 11|SH-PTP2|cSH-PTP2,,15,NC_006102.5,6682741,6707503,plus,16,NA,NA
9031,J,Gallus gallus,419554,0,live,PUM1,pum1,,pumilio RNA binding family member 1,pumilio homolog 1|pumilio 1,,23,NC_006110.5,571975,641887,minus,22,NA,NA
202946,K,Apteryx mantelli mantelli,106489403,0,live,QARS1,qars1,QARS,glutaminyl-tRNA synthetase 1,glutamine--tRNA ligase,,Un,,NA,NA,,NA,NA,NA
9031,J,Gallus gallus,396193,0,live,RAN,ran,RANP1,RAN, member RAS oncogene family,GTP-binding nuclear protein Ran|GTPase Ran|RAN, member RAS oncogene family pseudogene 1|ras-like protein TC4|ras-related nuclear protein,,15,NC_006102.5,3483355,3487600,minus,7,NA,NA
9031,J,Gallus gallus,395442,0,live,RHOA,rhoa,,ras homolog family member A,transforming protein RhoA|RhoA GTPase|ras homolog gene family, member A,,12,NC_006099.5,3243950,3262304,minus,7,NA,NA
9031,J,Gallus gallus,424631,0,live,RNF11,rnf11,,ring finger protein 11,RING finger protein 11,,8,NC_006095.5,24333872,24359949,plus,3,NA,NA
9031,J,Gallus gallus,396303,0,live,RNF13,rnf13,RZF,ring finger protein 13,E3 ubiquitin-protein ligase RNF13|C-RZF|RING zinc finger protein|RING-type E3 ubiquitin transferase RNF13,,9,NC_006096.5,23911967,23940163,minus,10,NA,NA
9031,J,Gallus gallus,396506,0,live,S100A10,s100a10,P11,S100 calcium binding protein A10,protein S100-A10|calpactin I light chain|calpactin-1 light chain|cellular ligand of annexin II|p10 protein,,25,NC_006112.4,464701,466723,minus,3,NA,NA
9031,J,Gallus gallus,396050,0,live,SCNN1A,scnn1a,,sodium channel epithelial 1 alpha subunit,amiloride-sensitive sodium channel subunit alpha|SCNEA|alpha cENaC 431|alpha-ENaC|alpha-NaCH|amiloride-sensitve epithelial sodium channel alpha subunit|epithelial Na(+) channel subunit alpha|nonvoltage-gated sodium channel 1 subunit alpha|sodium channel, non-voltage-gated 1 alpha subunit|sodium channel, nonvoltage-gated 1 alpha,,1,NC_006088.5,77568659,77576825,plus,13,NA,NA
9031,J,Gallus gallus,396550,0,live,SCP2,scp2,NSL-TP, SCP-2, SCP-X, SCPX,sterol carrier protein 2,non-specific lipid-transfer protein|SCP-chi|propanoyl-CoA C-acyltransferase|sterol carrier protein X,,8,NC_006095.5,24886682,24898813,plus,16,NA,NA
64176,D,Podarcis muralis,114594616,0,live,SDE2,sde2,,SDE2 telomere maintenance homolog,LOW QUALITY PROTEIN: replication stress response regulator SDE2,,3,NC_041314.1,92290758,92298695,plus,7,NA,NA
9031,J,Gallus gallus,395758,0,live,SDHA,sdha,Fp,succinate dehydrogenase complex flavoprotein subunit A,succinate dehydrogenase [ubiquinone] flavoprotein subunit, mitochondrial|flavoprotein subunit of complex II|succinate dehydrogenase Fp subunit|succinate dehydrogenase complex, subunit A, flavoprotein (Fp),,2,NC_006089.5,85662886,85678801,minus,15,NA,NA
9031,J,Gallus gallus,415995,0,live,SELENOK,selenok,SELK,selenoprotein K,selenoprotein K,,12,NC_006099.5,7642055,7646115,minus,5,NA,NA
9031,J,Gallus gallus,425041,0,live,SELENOT,selenot,,selenoprotein T,thioredoxin reductase-like selenoprotein T|SELT|thioredoxin reductase-like enzyme,,9,NC_006096.5,23785354,23791069,minus,6,NA,NA
28377,A,Anolis carolinensis,100559593,0,live,sephs1,sephs1,,selenophosphate synthetase 1,selenide, water dikinase 1,,5,NC_014780.1,90036473,90056213,minus,11,NA,NA
59894,K,Ficedula albicollis,101820847,0,live,SEPHS2,sephs2,SPS2a,selenophosphate synthetase 2,selenide, water dikinase 1-like,,LG34,NC_021701.1,431336,439532,plus,8,NA,NA
9031,J,Gallus gallus,422808,0,live,SEPSECS,sepsecs,,Sep (O-phosphoserine) tRNA:Sec (selenocysteine) tRNA synthase,O-phosphoseryl-tRNA(Sec) selenium transferase,,4,NC_006091.5,73527042,73550834,plus,12,NA,NA
28377,A,Anolis carolinensis,100560634,0,live,serp1,serp1,,stress associated endoplasmic reticulum protein 1,stress-associated endoplasmic reticulum protein 1,,3,NC_014778.1,18392391,18397076,plus,3,NA,NA
103695,B,Pogona vitticeps,110077707,0,live,SHQ1,shq1,,SHQ1, H/ACA ribonucleoprotein assembly factor,protein SHQ1 homolog,,Un,,NA,NA,,NA,NA,NA
9031,J,Gallus gallus,420834,0,live,SIRT5,sirt5,,sirtuin 5,NAD-dependent protein deacylase sirtuin-5, mitochondrial|NAD-dependent lysine demalonylase and desuccinylase sirtuin-5, mitochondrial|NAD-dependent protein deacetyalse sirtuin-5,,2,NC_006089.5,60510182,60519961,plus,11,NA,NA
28377,A,Anolis carolinensis,100553566,0,live,slc10a2,slc10a2,,solute carrier family 10 member 2,ileal sodium/bile acid cotransporter|solute carrier family 10 (sodium/bile acid cotransporter), member 2,,3,NC_014778.1,101163403,101179678,minus,6,NA,NA
28377,A,Anolis carolinensis,100565155,0,live,slc10a3,slc10a3,,solute carrier family 10 member 3,P3 protein,,1,NC_014776.1,204791830,204798826,minus,2,NA,NA
28377,A,Anolis carolinensis,100554780,0,live,slc12a1,slc12a1,,solute carrier family 12 member 1,solute carrier family 12 member 1|solute carrier family 12 (sodium/potassium/chloride transporter), member 1,,Un,,NA,NA,,NA,NA,NA
28377,A,Anolis carolinensis,100562387,0,live,slc12a3,slc12a3,,solute carrier family 12 member 3,solute carrier family 12 member 3|solute carrier family 12 (sodium/chloride transporter), member 3,,Un,,NA,NA,,NA,NA,NA
28377,A,Anolis carolinensis,100563811,0,live,slc12a4,slc12a4,,solute carrier family 12 member 4,solute carrier family 12 member 4|solute carrier family 12 (potassium/chloride transporter), member 4|solute carrier family 12 (potassium/chloride transporters), member 4,,c,NC_014784.1,6101653,6181047,minus,24,NA,NA
28377,A,Anolis carolinensis,100558933,0,live,slc12a7,slc12a7,,solute carrier family 12 member 7,LOW QUALITY PROTEIN: solute carrier family 12 member 7|solute carrier family 12 (potassium/chloride transporter), member 7,,4,NC_014779.1,67862993,68005424,minus,26,NA,NA
28377,A,Anolis carolinensis,100556947,0,live,slc12a8,slc12a8,,solute carrier family 12 member 8,solute carrier family 12 member 8,,1,NC_014776.1,77957810,77993642,plus,9,NA,NA
28377,A,Anolis carolinensis,100552464,0,live,slc13a1,slc13a1,,solute carrier family 13 member 1,solute carrier family 13 member 1|solute carrier family 13 (sodium/sulfate symporter), member 1|solute carrier family 13 (sodium/sulfate symporters), member 1,,5,NC_014780.1,67704015,67765881,plus,15,NA,NA
28377,A,Anolis carolinensis,100564744,0,live,slc13a2,slc13a2,,solute carrier family 13 member 2,solute carrier family 13 member 2|solute carrier family 13 (sodium-dependent dicarboxylate transporter), member 2,,Un,,NA,NA,,NA,NA,NA
28377,A,Anolis carolinensis,100563148,0,live,slc13a3,slc13a3,,solute carrier family 13 member 3,solute carrier family 13 member 3|solute carrier family 13 (sodium-dependent dicarboxylate transporter), member 3,,4,NC_014779.1,144582475,144643254,minus,12,NA,NA
103695,B,Pogona vitticeps,110083294,0,live,SLC13A5,slc13a5,,solute carrier family 13 member 5,solute carrier family 13 member 5,,Un,,NA,NA,,NA,NA,NA
28377,A,Anolis carolinensis,100564894,0,live,slc15a2,slc15a2,,solute carrier family 15 member 2,solute carrier family 15 member 2|solute carrier family 15 (oligopeptide transporter), member 2,,1,NC_014776.1,83568700,83674929,minus,24,NA,NA
28377,A,Anolis carolinensis,100557889,0,live,slc16a1,slc16a1,,solute carrier family 16 member 1,monocarboxylate transporter 1|solute carrier family 16 (monocarboxylate transporter), member 1,,4,NC_014779.1,129281494,129317431,minus,8,NA,NA
28377,A,Anolis carolinensis,100557007,0,live,slc16a13,slc16a13,,solute carrier family 16 member 13,monocarboxylate transporter 13,,Un,,NA,NA,,NA,NA,NA
28377,A,Anolis carolinensis,100562937,0,live,slc16a14,slc16a14,,solute carrier family 16 member 14,monocarboxylate transporter 14|solute carrier family 16, member 14 (monocarboxylic acid transporter 14),,3,NC_014778.1,22369285,22396538,plus,8,NA,NA
28377,A,Anolis carolinensis,100564319,0,live,slc16a4,slc16a4,,solute carrier family 16 member 4,monocarboxylate transporter 5,,4,NC_014779.1,106566050,106581387,minus,8,NA,NA
28377,A,Anolis carolinensis,100555486,0,live,slc16a6,slc16a6,,solute carrier family 16 member 6,monocarboxylate transporter 7|solute carrier family 16, member 6 (monocarboxylic acid transporter 7),,Un,,NA,NA,,NA,NA,NA
28377,A,Anolis carolinensis,103279757,0,live,slc16a9,slc16a9,,solute carrier family 16 member 9,monocarboxylate transporter 9,,Un,,NA,NA,,NA,NA,NA
28377,A,Anolis carolinensis,100566964,0,live,slc17a5,slc17a5,,solute carrier family 17 member 5,sialin|solute carrier family 17 (acidic sugar transporter), member 5,,Un,,NA,NA,,NA,NA,NA
28377,A,Anolis carolinensis,100553000,0,live,slc18b1,slc18b1,,solute carrier family 18 member B1,MFS-type transporter SLC18B1|solute carrier family 18, subfamily B, member 1,,Un,,NA,NA,,NA,NA,NA
28377,A,Anolis carolinensis,100562129,0,live,slc19a1,slc19a1,,solute carrier family 19 member 1,folate transporter 1|solute carrier family 19 (folate transporter), member 1,,1,NC_014776.1,90377668,90393268,plus,5,NA,NA
28377,A,Anolis carolinensis,100562974,0,live,slc1a5,slc1a5,,solute carrier family 1 member 5,neutral amino acid transporter B(0)|solute carrier family 1 (neutral amino acid transporter), member 5,,Un,,NA,NA,,NA,NA,NA
28377,A,Anolis carolinensis,100561176,0,live,slc22a13,slc22a13,,solute carrier family 22 member 13,solute carrier family 22 member 13,,6,NC_014781.1,736893,757505,minus,11,NA,NA
28377,A,Anolis carolinensis,100564304,0,live,slc22a16,slc22a16,,solute carrier family 22 member 16,solute carrier family 22 member 16|solute carrier family 22 (organic cation/carnitine transporter), member 16,,1,NC_014776.1,191757809,191783951,minus,8,NA,NA
28377,A,Anolis carolinensis,100560561,0,live,slc22a18,slc22a18,,solute carrier family 22 member 18,solute carrier family 22 member 18,,1,NC_014776.1,68785056,68866828,minus,10,NA,NA
28377,A,Anolis carolinensis,100560224,0,live,slc22a2,slc22a2,,solute carrier family 22 member 2,solute carrier family 22 member 2,,1,NC_014776.1,211874786,211897661,plus,11,NA,NA
28377,A,Anolis carolinensis,100560506,0,live,slc22a7,slc22a7,,solute carrier family 22 member 7,solute carrier family 22 member 7|solute carrier family 22 (organic anion transporter), member 7,,2,NC_014777.1,143559461,143588956,minus,10,NA,NA
28377,A,Anolis carolinensis,100556489,0,live,slc23a1,slc23a1,,solute carrier family 23 member 1,solute carrier family 23 member 1|solute carrier family 23 (ascorbic acid transporter), member 1,,1,NC_014776.1,132034140,132065434,minus,15,NA,NA
28377,A,Anolis carolinensis,100566000,0,live,slc23a2,slc23a2,,solute carrier family 23 member 2,solute carrier family 23 member 2|solute carrier family 23 (ascorbic acid transporter), member 2,,Un,,NA,NA,,NA,NA,NA
28377,A,Anolis carolinensis,100567833,0,live,slc23a3,slc23a3,,solute carrier family 23 member 3,solute carrier family 23 member 3,,1,NC_014776.1,88178257,88192451,minus,12,NA,NA
28377,A,Anolis carolinensis,100553900,0,live,slc25a10,slc25a10,,solute carrier family 25 member 10,mitochondrial dicarboxylate carrier|solute carrier family 25 (mitochondrial carrier; dicarboxylate transporter), member 10,,2,NC_014777.1,118759078,118775507,minus,11,NA,NA
28377,A,Anolis carolinensis,100554396,0,live,slc25a11,slc25a11,,solute carrier family 25 member 11,mitochondrial 2-oxoglutarate/malate carrier protein|solute carrier family 25 (mitochondrial carrier; oxoglutarate carrier), member 11,,Un,,NA,NA,,NA,NA,NA
28377,A,Anolis carolinensis,100556466,0,live,slc25a12,slc25a12,,solute carrier family 25 member 12,calcium-binding mitochondrial carrier protein Aralar1|solute carrier family 25 (aspartate/glutamate carrier), member 12,,Un,,NA,NA,,NA,NA,NA
28377,A,Anolis carolinensis,100561177,0,live,slc25a13,slc25a13,,solute carrier family 25 member 13,calcium-binding mitochondrial carrier protein Aralar2|solute carrier family 25 (aspartate/glutamate carrier), member 13|solute carrier family 25, member 13 (citrin),,6,NC_014781.1,22834459,22959333,minus,19,NA,NA
28377,A,Anolis carolinensis,100551983,0,live,slc25a15,slc25a15,,solute carrier family 25 member 15,mitochondrial ornithine transporter 1|solute carrier family 25 (mitochondrial carrier; ornithine transporter) member 15,,1,NC_014776.1,132576012,132594164,plus,8,NA,NA
28377,A,Anolis carolinensis,100556588,0,live,slc25a17,slc25a17,,solute carrier family 25 member 17,peroxisomal membrane protein PMP34|solute carrier family 25 (mitochondrial carrier; peroxisomal membrane protein, 34kDa), member 17,,5,NC_014780.1,25954087,25971244,minus,8,NA,NA
28377,A,Anolis carolinensis,100560902,0,live,slc25a20,slc25a20,,solute carrier family 25 member 20,mitochondrial carnitine/acylcarnitine carrier protein|solute carrier family 25 (carnitine/acylcarnitine translocase), member 20,,2,NC_014777.1,187674080,187698961,minus,9,NA,NA
28377,A,Anolis carolinensis,100557800,0,live,slc25a21,slc25a21,,solute carrier family 25 member 21,mitochondrial 2-oxodicarboxylate carrier|solute carrier family 25 (mitochondrial oxoadipate carrier), member 21,,1,NC_014776.1,24880748,25277108,minus,10,NA,NA
28377,A,Anolis carolinensis,100565644,0,live,slc25a24,slc25a24,,solute carrier family 25 member 24,calcium-binding mitochondrial carrier protein SCaMC-1|solute carrier family 25 (mitochondrial carrier; phosphate carrier), member 24,,Un,,NA,NA,,NA,NA,NA
28377,A,Anolis carolinensis,100567252,0,live,slc25a26,slc25a26,,solute carrier family 25 member 26,S-adenosylmethionine mitochondrial carrier protein|solute carrier family 25 (S-adenosylmethionine carrier), member 26,,2,NC_014777.1,184563149,184717018,minus,10,NA,NA
28377,A,Anolis carolinensis,100567211,0,live,slc25a29,slc25a29,,solute carrier family 25 member 29,mitochondrial basic amino acids transporter|solute carrier family 25 (mitochondrial carnitine/acylcarnitine carrier), member 29,,Un,,NA,NA,,NA,NA,NA
28377,A,Anolis carolinensis,100557497,0,live,slc25a3,slc25a3,,solute carrier family 25 member 3,phosphate carrier protein, mitochondrial|solute carrier family 25 (mitochondrial carrier; phosphate carrier), member 3,,5,NC_014780.1,29323258,29333540,minus,9,NA,NA
28377,A,Anolis carolinensis,100551968,0,live,slc25a33,slc25a33,,solute carrier family 25 member 33,solute carrier family 25 member 33|solute carrier family 25 (pyrimidine nucleotide carrier), member 33,,Un,,NA,NA,,NA,NA,NA
28377,A,Anolis carolinensis,100556998,0,live,slc25a34,slc25a34,,solute carrier family 25 member 34,solute carrier family 25 member 34,,Un,,NA,NA,,NA,NA,NA
28377,A,Anolis carolinensis,100558631,0,live,slc25a35,slc25a35,,solute carrier family 25 member 35,solute carrier family 25 member 35,,Un,,NA,NA,,NA,NA,NA
28377,A,Anolis carolinensis,100566324,0,live,slc25a36,slc25a36,,solute carrier family 25 member 36,solute carrier family 25 member 36|solute carrier family 25 (pyrimidine nucleotide carrier ), member 36,,Un,,NA,NA,,NA,NA,NA
28377,A,Anolis carolinensis,100563736,0,live,slc25a39,slc25a39,,solute carrier family 25 member 39,solute carrier family 25 member 39,,6,NC_014781.1,66899334,66931046,minus,12,NA,NA
28377,A,Anolis carolinensis,100563345,0,live,slc25a4,slc25a4,,solute carrier family 25 member 4,ADP/ATP translocase 1|solute carrier family 25 (mitochondrial carrier; adenine nucleotide translocator), member 4,,5,NC_014780.1,113005710,113017360,minus,4,NA,NA
103695,B,Pogona vitticeps,110072543,0,live,SLC25A42,slc25a42,,solute carrier family 25 member 42,mitochondrial coenzyme A transporter SLC25A42,,Un,,NA,NA,,NA,NA,NA
28377,A,Anolis carolinensis,100559368,0,live,slc25a43,slc25a43,,solute carrier family 25 member 43,solute carrier family 25 member 43,,Un,,NA,NA,,NA,NA,NA
103695,B,Pogona vitticeps,110091224,0,live,SLC25A44,slc25a44,,solute carrier family 25 member 44,solute carrier family 25 member 44,,Un,,NA,NA,,NA,NA,NA
28377,A,Anolis carolinensis,100552953,0,live,slc25a45,slc25a45,,solute carrier family 25 member 45,solute carrier family 25 member 45,,Un,,NA,NA,,NA,NA,NA
28377,A,Anolis carolinensis,100557900,0,live,slc25a46,slc25a46,,solute carrier family 25 member 46,solute carrier family 25 member 46,,Un,,NA,NA,,NA,NA,NA
28377,A,Anolis carolinensis,100566178,0,live,slc25a48,slc25a48,,solute carrier family 25 member 48,solute carrier family 25 member 48,,Un,,NA,NA,,NA,NA,NA
28377,A,Anolis carolinensis,100558779,0,live,slc25a5,slc25a5,,solute carrier family 25 member 5,ADP/ATP translocase 2|solute carrier family 25 (mitochondrial carrier; adenine nucleotide translocator), member 5,,Un,,NA,NA,,NA,NA,NA
28377,A,Anolis carolinensis,100556131,0,live,slc25a51,slc25a51,,solute carrier family 25 member 51,solute carrier family 25 member 51,,Un,,NA,NA,,NA,NA,NA
28377,A,Anolis carolinensis,100554158,0,live,slc25a6,slc25a6,,solute carrier family 25 member 6,ADP/ATP translocase 3|solute carrier family 25 (mitochondrial carrier; adenine nucleotide translocator), member 6,,3,NC_014778.1,113241438,113251085,minus,4,NA,NA
28377,A,Anolis carolinensis,103279447,0,live,slc26a1,slc26a1,,solute carrier family 26 member 1,sulfate anion transporter 1|solute carrier family 26 (anion exchanger), member 1,,Un,,NA,NA,,NA,NA,NA
28377,A,Anolis carolinensis,100561225,0,live,slc26a11,slc26a11,,solute carrier family 26 member 11,sodium-independent sulfate anion transporter|solute carrier family 26 (anion exchanger), member 11,,2,NC_014777.1,100530175,100553530,minus,16,NA,NA
28377,A,Anolis carolinensis,107982461,0,live,slc26a6,slc26a6,,solute carrier family 26 member 6,solute carrier family 26 member 6,,2,NC_014777.1,164375565,164409090,plus,22,NA,NA
146911,C,Gekko japonicus,107122718,0,live,SLC27A2,slc27a2,,solute carrier family 27 member 2,very long-chain acyl-CoA synthetase,,Un,,NA,NA,,NA,NA,NA
28377,A,Anolis carolinensis,100555843,0,live,slc27a6,slc27a6,,solute carrier family 27 member 6,long-chain fatty acid transport protein 6|solute carrier family 27 (fatty acid transporter), member 6,,2,NC_014777.1,30391475,30434158,plus,10,NA,NA
103944,G,Protobothrops mucrosquamatus,107294065,0,live,SLC28A2,slc28a2,,solute carrier family 28 member 2,sodium/nucleoside cotransporter 2,,Un,,NA,NA,,NA,NA,NA
28377,A,Anolis carolinensis,100552110,0,live,slc29a1,slc29a1,,solute carrier family 29 member 1 (Augustine blood group),equilibrative nucleoside transporter 1|solute carrier family 29 (equilibrative nucleoside transporter), member 1,,1,NC_014776.1,227798012,227904941,plus,15,NA,NA
103695,B,Pogona vitticeps,110072700,0,live,SLC2A1,slc2a1,,solute carrier family 2 member 1,solute carrier family 2, facilitated glucose transporter member 1,,Un,,NA,NA,,NA,NA,NA
146911,C,Gekko japonicus,107108542,0,live,SLC2A11,slc2a11,,solute carrier family 2 member 11,solute carrier family 2, facilitated glucose transporter member 11,,Un,,NA,NA,,NA,NA,NA
28377,A,Anolis carolinensis,100566978,0,live,slc2a4,slc2a4,,solute carrier family 2 member 4,solute carrier family 2, facilitated glucose transporter member 4|solute carrier family 2 (facilitated glucose transporter), member 4,,Un,,NA,NA,,NA,NA,NA
28377,A,Anolis carolinensis,100566203,0,live,slc2a8,slc2a8,,solute carrier family 2 member 8,solute carrier family 2, facilitated glucose transporter member 8|solute carrier family 2 (facilitated glucose transporter), member 8,,Un,,NA,NA,,NA,NA,NA
28377,A,Anolis carolinensis,100558223,0,live,slc2a9,slc2a9,,solute carrier family 2 member 9,solute carrier family 2, facilitated glucose transporter member 9|solute carrier family 2 (facilitated glucose transporter), member 9,,Un,,NA,NA,,NA,NA,NA
28377,A,Anolis carolinensis,100553996,0,live,slc30a2,slc30a2,,solute carrier family 30 member 2,zinc transporter 2|solute carrier family 30 (zinc transporter), member 2,,Un,,NA,NA,,NA,NA,NA
28377,A,Anolis carolinensis,100559557,0,live,slc30a4,slc30a4,,solute carrier family 30 member 4,zinc transporter 4|solute carrier family 30 (zinc transporter), member 4,,Un,,NA,NA,,NA,NA,NA
28377,A,Anolis carolinensis,100557079,0,live,slc30a5,slc30a5,,solute carrier family 30 member 5,zinc transporter 5|solute carrier family 30 (zinc transporter), member 5,,2,NC_014777.1,12332062,12362971,plus,17,NA,NA
28377,A,Anolis carolinensis,100563452,0,live,slc30a6,slc30a6,,solute carrier family 30 member 6,zinc transporter 6|solute carrier family 30 (zinc transporter), member 6,,1,NC_014776.1,235398953,235422183,minus,9,NA,NA
28377,A,Anolis carolinensis,100563076,0,live,slc30a7,slc30a7,,solute carrier family 30 member 7,zinc transporter 7|solute carrier family 30 (zinc transporter), member 7,,4,NC_014779.1,87453661,87501873,minus,11,NA,NA
28377,A,Anolis carolinensis,100563539,0,live,slc30a9,slc30a9,,solute carrier family 30 member 9,zinc transporter 9|solute carrier family 30 (zinc transporter), member 9,,5,NC_014780.1,101110329,101152468,plus,18,NA,NA
28377,A,Anolis carolinensis,100559623,0,live,slc31a1,slc31a1,,solute carrier family 31 member 1,high affinity copper uptake protein 1|solute carrier family 31 (copper transporter), member 1,,Un,,NA,NA,,NA,NA,NA
28377,A,Anolis carolinensis,100565139,0,live,slc31a2,slc31a2,,solute carrier family 31 member 2,probable low affinity copper uptake protein 2|solute carrier family 31 (copper transporter), member 2,,Un,,NA,NA,,NA,NA,NA
28377,A,Anolis carolinensis,100567707,0,live,slc33a1,slc33a1,,solute carrier family 33 member 1,acetyl-coenzyme A transporter 1|solute carrier family 33 (acetyl-CoA transporter), member 1,,3,NC_014778.1,15839195,15852243,plus,6,NA,NA
28377,A,Anolis carolinensis,100556106,0,live,slc34a1,slc34a1,,solute carrier family 34 member 1,sodium-dependent phosphate transport protein 2A|solute carrier family 34 (type II sodium/phosphate cotransporter), member 1,,2,NC_014777.1,145958446,145985116,minus,14,NA,NA
28377,A,Anolis carolinensis,100556879,0,live,slc35a1,slc35a1,,solute carrier family 35 member A1,CMP-sialic acid transporter|solute carrier family 35 (CMP-sialic acid transporter), member A1,,1,NC_014776.1,176359217,176377433,minus,9,NA,NA
28377,A,Anolis carolinensis,100564410,0,live,slc35a2,slc35a2,,solute carrier family 35 member A2,UDP-galactose translocator|solute carrier family 35 (UDP-galactose transporter), member A2,,Un,,NA,NA,,NA,NA,NA
28377,A,Anolis carolinensis,100564189,0,live,slc35a3,slc35a3,,solute carrier family 35 member A3,UDP-N-acetylglucosamine transporter|solute carrier family 35 (UDP-N-acetylglucosamine (UDP-GlcNAc) transporter), member A3,,4,NC_014779.1,87854392,87892792,minus,9,NA,NA
28377,A,Anolis carolinensis,100561168,0,live,slc35a4,slc35a4,,solute carrier family 35 member A4,probable UDP-sugar transporter protein SLC35A4,,4,NC_014779.1,77876727,77877879,minus,1,NA,NA
28377,A,Anolis carolinensis,100553382,0,live,slc35b1,slc35b1,,solute carrier family 35 member B1,solute carrier family 35 member B1,,6,NC_014781.1,76775814,76793034,minus,9,NA,NA
28377,A,Anolis carolinensis,100552306,0,live,slc35b2,slc35b2,,solute carrier family 35 member B2,adenosine 3'-phospho 5'-phosphosulfate transporter 1|solute carrier family 35 (adenosine 3'-phospho 5'-phosphosulfate transporter), member B2,,1,NC_014776.1,227935765,227955204,minus,4,NA,NA
28377,A,Anolis carolinensis,100557631,0,live,slc35b3,slc35b3,,solute carrier family 35 member B3,adenosine 3'-phospho 5'-phosphosulfate transporter 2|solute carrier family 35 (adenosine 3'-phospho 5'-phosphosulfate transporter), member B3,,Un,,NA,NA,,NA,NA,NA
28377,A,Anolis carolinensis,100553056,0,live,slc35b4,slc35b4,,solute carrier family 35 member B4,UDP-xylose and UDP-N-acetylglucosamine transporter|solute carrier family 35 (UDP-xylose/UDP-N-acetylglucosamine transporter), member B4,,5,NC_014780.1,3464917,3482106,minus,10,NA,NA
28377,A,Anolis carolinensis,100557069,0,live,slc35c1,slc35c1,,solute carrier family 35 member C1,GDP-fucose transporter 1|solute carrier family 35 (GDP-fucose transporter), member C1,,1,NC_014776.1,47772595,47779180,plus,3,NA,NA
28377,A,Anolis carolinensis,100555518,0,live,slc35d2,slc35d2,,solute carrier family 35 member D2,UDP-N-acetylglucosamine/UDP-glucose/GDP-mannose transporter|solute carrier family 35 (UDP-GlcNAc/UDP-glucose transporter), member D2,,2,NC_014777.1,39991254,40015233,plus,12,NA,NA
8469,H,Chelonia mydas,102938286,0,live,SLC35E2A,slc35e2a,SLC35E2,solute carrier family 35 member E2A,solute carrier family 35 member E2A|solute carrier family 35 member E2,,Un,,NA,NA,,NA,NA,NA
28377,A,Anolis carolinensis,100559505,0,live,slc35e2b,slc35e2b,,solute carrier family 35 member E2B,solute carrier family 35 member E2B,,Un,,NA,NA,,NA,NA,NA
28377,A,Anolis carolinensis,100561082,0,live,slc35f2,slc35f2,,solute carrier family 35 member F2,solute carrier family 35 member F2,,Un,,NA,NA,,NA,NA,NA
28377,A,Anolis carolinensis,100558912,0,live,slc35f5,slc35f5,,solute carrier family 35 member F5,solute carrier family 35 member F5,,1,NC_014776.1,80330704,80384153,minus,19,NA,NA
28377,A,Anolis carolinensis,100559818,0,live,slc35f6,slc35f6,,solute carrier family 35 member F6,solute carrier family 35 member F6,,Un,,NA,NA,,NA,NA,NA
9031,J,Gallus gallus,770250,0,live,SLC36A1,slc36a1,,solute carrier family 36 member 1,proton-coupled amino acid transporter 1|solute carrier family 36 (proton/amino acid symporter), member 1,,13,NC_006100.5,13702298,13715054,minus,11,NA,NA
28377,A,Anolis carolinensis,100567321,0,live,slc37a1,slc37a1,,solute carrier family 37 member 1,glucose-6-phosphate exchanger SLC37A1|solute carrier family 37 (glucose-6-phosphate transporter), member 1|solute carrier family 37 (glycerol-3-phosphate transporter), member 1,,3,NC_014778.1,137613653,137661400,minus,19,NA,NA
28377,A,Anolis carolinensis,100555927,0,live,slc37a3,slc37a3,,solute carrier family 37 member 3,sugar phosphate exchanger 3,,5,NC_014780.1,15362404,15391908,minus,15,NA,NA
28377,A,Anolis carolinensis,100557460,0,live,slc37a4,slc37a4,,solute carrier family 37 member 4,glucose-6-phosphate exchanger SLC37A4|solute carrier family 37 (glucose-6-phosphate transporter), member 4,,Un,,NA,NA,,NA,NA,NA
28377,A,Anolis carolinensis,100559840,0,live,slc38a10,slc38a10,,solute carrier family 38 member 10,putative sodium-coupled neutral amino acid transporter 10,,2,NC_014777.1,99204417,99313563,plus,19,NA,NA
28377,A,Anolis carolinensis,100555856,0,live,slc38a2,slc38a2,,solute carrier family 38 member 2,sodium-coupled neutral amino acid transporter 2,,5,NC_014780.1,53428199,53450572,plus,16,NA,NA
28377,A,Anolis carolinensis,100551838,0,live,slc38a7,slc38a7,,solute carrier family 38 member 7,putative sodium-coupled neutral amino acid transporter 7,,Un,,NA,NA,,NA,NA,NA
28377,A,Anolis carolinensis,100556888,0,live,slc39a11,slc39a11,,solute carrier family 39 member 11,zinc transporter ZIP11,,2,NC_014777.1,96645894,96697522,minus,4,NA,NA
28377,A,Anolis carolinensis,100554988,0,live,slc39a13,slc39a13,,solute carrier family 39 member 13,zinc transporter ZIP13|solute carrier family 39 (zinc transporter), member 13,,1,NC_014776.1,44119558,44141691,plus,10,NA,NA
28377,A,Anolis carolinensis,100552868,0,live,slc39a2,slc39a2,,solute carrier family 39 member 2,zinc transporter ZIP2|solute carrier family 39 (zinc transporter), member 2,,Un,,NA,NA,,NA,NA,NA
28377,A,Anolis carolinensis,100562021,0,live,slc39a6,slc39a6,,solute carrier family 39 member 6,zinc transporter ZIP6|solute carrier family 39 (zinc transporter), member 6,,4,NC_014779.1,67581668,67608902,minus,12,NA,NA
103695,B,Pogona vitticeps,110091138,0,live,SLC39A7,slc39a7,,solute carrier family 39 member 7,zinc transporter SLC39A7,,Un,,NA,NA,,NA,NA,NA
28377,A,Anolis carolinensis,100554178,0,live,slc3a1,slc3a1,,solute carrier family 3 member 1,neutral and basic amino acid transport protein rBAT|solute carrier family 3 (amino acid transporter heavy chain), member 1,,Un,,NA,NA,,NA,NA,NA
28377,A,Anolis carolinensis,100552621,0,live,slc3a2,slc3a2,,solute carrier family 3 member 2,4F2 cell-surface antigen heavy chain|solute carrier family 3 (amino acid transporter heavy chain), member 2,,Un,,NA,NA,,NA,NA,NA
28377,A,Anolis carolinensis,100555173,0,live,slc40a1,slc40a1,,solute carrier family 40 member 1,solute carrier family 40 member 1|solute carrier family 40 (iron-regulated transporter), member 1,,Un,,NA,NA,,NA,NA,NA
28377,A,Anolis carolinensis,100561116,0,live,slc41a1,slc41a1,,solute carrier family 41 member 1,solute carrier family 41 member 1|solute carrier family 41 (magnesium transporter), member 1,,Un,,NA,NA,,NA,NA,NA
28377,A,Anolis carolinensis,100551735,0,live,slc41a2,slc41a2,,solute carrier family 41 member 2,solute carrier family 41 member 2|solute carrier family 41 (magnesium transporter), member 2,,5,NC_014780.1,18632702,18684901,minus,11,NA,NA
28377,A,Anolis carolinensis,100557317,0,live,slc43a2,slc43a2,,solute carrier family 43 member 2,large neutral amino acids transporter small subunit 4|solute carrier family 43 (amino acid system L transporter), member 2,,Un,,NA,NA,,NA,NA,NA
28377,A,Anolis carolinensis,100567636,0,live,slc43a3,slc43a3,,solute carrier family 43 member 3,solute carrier family 43 member 3,,1,NC_014776.1,92005296,92064385,plus,16,NA,NA
28377,A,Anolis carolinensis,100556497,0,live,slc44a2,slc44a2,,solute carrier family 44 member 2,choline transporter-like protein 2|solute carrier family 44 (choline transporter), member 2,,2,NC_014777.1,80492580,80571771,plus,24,NA,NA
28377,A,Anolis carolinensis,100565696,0,live,slc44a3,slc44a3,,solute carrier family 44 member 3,choline transporter-like protein 3,,4,NC_014779.1,89219332,89284749,plus,16,NA,NA
28377,A,Anolis carolinensis,100556571,0,live,slc44a4,slc44a4,,solute carrier family 44 member 4,choline transporter-like protein 4,,2,NC_014777.1,194471033,194511189,plus,18,NA,NA
28377,A,Anolis carolinensis,100561292,0,live,slc46a2,slc46a2,,solute carrier family 46 member 2,thymic stromal cotransporter homolog,,2,NC_014777.1,57927095,57940313,minus,4,NA,NA
28377,A,Anolis carolinensis,100561301,0,live,slc46a3,slc46a3,,solute carrier family 46 member 3,solute carrier family 46 member 3,,3,NC_014778.1,185540741,185569510,plus,7,NA,NA
103695,B,Pogona vitticeps,110087421,0,live,SLC47A1,slc47a1,,solute carrier family 47 member 1,multidrug and toxin extrusion protein 1,,Un,,NA,NA,,NA,NA,NA
9031,J,Gallus gallus,417616,0,live,SLC47A2,slc47a2,,solute carrier family 47 member 2,multidrug and toxin extrusion protein 1,,19,NC_006106.5,7001488,7007225,minus,18,NA,NA
28377,A,Anolis carolinensis,100556459,0,live,slc48a1,slc48a1,,solute carrier family 48 member 1,heme transporter HRG1|solute carrier family 48 (heme transporter), member 1,,Un,,NA,NA,,NA,NA,NA
28377,A,Anolis carolinensis,100561505,0,live,slc49a3,slc49a3,mfsd7,solute carrier family 49 member 3,major facilitator superfamily domain-containing protein 7|major facilitator superfamily domain containing 7,,Un,,NA,NA,,NA,NA,NA
28377,A,Anolis carolinensis,100559030,0,live,slc4a2,slc4a2,,solute carrier family 4 member 2,anion exchange protein 2|solute carrier family 4 (anion exchanger), member 2,,Un,,NA,NA,,NA,NA,NA
28377,A,Anolis carolinensis,100559398,0,live,slc4a4,slc4a4,,solute carrier family 4 member 4,electrogenic sodium bicarbonate cotransporter 1|solute carrier family 4 (sodium bicarbonate cotransporter), member 4,,5,NC_014780.1,147321193,147546535,plus,24,NA,NA
28377,A,Anolis carolinensis,103277537,0,live,slc50a1,slc50a1,,solute carrier family 50 member 1,sugar transporter SWEET1|solute carrier family 50 (sugar efflux transporter), member 1,,Un,,NA,NA,,NA,NA,NA
28377,A,Anolis carolinensis,100560747,0,live,slc51a,slc51a,,solute carrier family 51 subunit alpha,organic solute transporter subunit alpha|solute carrier family 51 alpha subunit,,Un,,NA,NA,,NA,NA,NA
103695,B,Pogona vitticeps,110082003,0,live,SLC5A1,slc5a1,,solute carrier family 5 member 1,sodium/glucose cotransporter 1,,Un,,NA,NA,,NA,NA,NA
28377,A,Anolis carolinensis,100560865,0,live,slc5a12,slc5a12,,solute carrier family 5 member 12,sodium-coupled monocarboxylate transporter 2|solute carrier family 5 (sodium/glucose cotransporter), member 12|solute carrier family 5 (sodium/monocarboxylate cotransporter), member 12,,Un,,NA,NA,,NA,NA,NA
28377,A,Anolis carolinensis,100557391,0,live,slc5a2,slc5a2,,solute carrier family 5 member 2,sodium/glucose cotransporter 2|solute carrier family 5 (sodium/glucose cotransporter), member 2,,Un,,NA,NA,,NA,NA,NA
28377,A,Anolis carolinensis,100565212,0,live,slc5a6,slc5a6,,solute carrier family 5 member 6,sodium-dependent multivitamin transporter|solute carrier family 5 (sodium/multivitamin and iodide cotransporter), member 6,,Un,,NA,NA,,NA,NA,NA
28377,A,Anolis carolinensis,100563480,0,live,slc5a9,slc5a9,,solute carrier family 5 member 9,sodium/glucose cotransporter 4|solute carrier family 5 (sodium/glucose cotransporter), member 9|solute carrier family 5 (sodium/sugar cotransporter), member 9,,Un,,NA,NA,,NA,NA,NA
103695,B,Pogona vitticeps,110073205,0,live,SLC66A1,slc66a1,PQLC2,solute carrier family 66 member 1,lysosomal amino acid transporter 1 homolog|PQ loop repeat containing 2,,Un,,NA,NA,,NA,NA,NA
28377,A,Anolis carolinensis,100566854,0,live,slc66a3,slc66a3,pqlc3,solute carrier family 66 member 3,PQ-loop repeat-containing protein 3|PQ loop repeat containing 3,,1,NC_014776.1,147164029,147181637,minus,7,NA,NA
28377,A,Anolis carolinensis,100556107,0,live,slc6a1,slc6a1,,solute carrier family 6 member 1,sodium- and chloride-dependent GABA transporter 1|solute carrier family 6 (neurotransmitter transporter), member 1,,2,NC_014777.1,157489247,157610972,plus,15,NA,NA
8496,I,Alligator mississippiensis,106736619,0,live,SLC6A18,slc6a18,Y1Q_0015439, SLC6A20,solute carrier family 6 member 18,sodium-dependent neutral amino acid transporter B(0)AT3|sodium- and chloride-dependent transporter XTRP3,,Un,,NA,NA,,NA,NA,NA
28377,A,Anolis carolinensis,100559327,0,live,slc6a19,slc6a19,,solute carrier family 6 member 19,sodium-dependent neutral amino acid transporter B(0)AT1|solute carrier family 6 (neutral amino acid transporter), member 19,,4,NC_014779.1,68057587,68086838,plus,12,NA,NA
28377,A,Anolis carolinensis,100558734,0,live,slc7a13,slc7a13,,solute carrier family 7 member 13,solute carrier family 7 member 13|solute carrier family 7 (anionic amino acid transporter), member 13,,4,NC_014779.1,23284251,23334289,plus,5,NA,NA
28377,A,Anolis carolinensis,100562227,0,live,slc7a2,slc7a2,,solute carrier family 7 member 2,cationic amino acid transporter 2|solute carrier family 7 (cationic amino acid transporter, y+ system), member 2,,5,NC_014780.1,108872265,108942116,plus,15,NA,NA
28377,A,Anolis carolinensis,100566333,0,live,slc7a3,slc7a3,,solute carrier family 7 member 3,cationic amino acid transporter 3|solute carrier family 7 (cationic amino acid transporter, y+ system), member 3,,Un,,NA,NA,,NA,NA,NA
28377,A,Anolis carolinensis,100565050,0,live,slc7a6,slc7a6,,solute carrier family 7 member 6,Y+L amino acid transporter 2|solute carrier family 7 (amino acid transporter light chain, y+L system), member 6|solute carrier family 7 (cationic amino acid transporter, y+ system), member 6,,c,NC_014784.1,6807414,6825879,minus,9,NA,NA
28377,A,Anolis carolinensis,100553607,0,live,slc7a8,slc7a8,,solute carrier family 7 member 8,large neutral amino acids transporter small subunit 2|solute carrier family 7 (amino acid transporter light chain, L system), member 8,,Un,,NA,NA,,NA,NA,NA
28377,A,Anolis carolinensis,100560204,0,live,slc7a9,slc7a9,,solute carrier family 7 member 9,B(0,+)-type amino acid transporter 1|solute carrier family 7 (amino acid transporter light chain, bo,+ system), member 9|solute carrier family 7 (cationic amino acid transporter, y+ system), member 9,,Un,,NA,NA,,NA,NA,NA
28377,A,Anolis carolinensis,100552210,0,live,slc9a2,slc9a2,,solute carrier family 9 member A2,sodium/hydrogen exchanger 2|solute carrier family 9, subfamily A (NHE2, cation proton antiporter 2), member 2,,Un,,NA,NA,,NA,NA,NA
28377,A,Anolis carolinensis,100567187,0,live,slc9a3r1,slc9a3r1,,SLC9A3 regulator 1,Na(+)/H(+) exchange regulatory cofactor NHE-RF1|solute carrier family 9, subfamily A (NHE3, cation proton antiporter 3), member 3 regulator 1,,2,NC_014777.1,115775297,115792163,minus,5,NA,NA
28377,A,Anolis carolinensis,100554712,0,live,slc9a6,slc9a6,,solute carrier family 9 member A6,sodium/hydrogen exchanger 6|solute carrier family 9 (sodium/hydrogen exchanger), member 6|solute carrier family 9, subfamily A (NHE6, cation proton antiporter 6), member 6,,Un,,NA,NA,,NA,NA,NA
28377,A,Anolis carolinensis,100566100,0,live,slc9a8,slc9a8,,solute carrier family 9 member A8,sodium/hydrogen exchanger 8|solute carrier family 9, subfamily A (NHE8, cation proton antiporter 8), member 8,,4,NC_014779.1,147065527,147144800,plus,16,NA,NA
28377,A,Anolis carolinensis,100554939,0,live,slco2a1,slco2a1,,solute carrier organic anion transporter family member 2A1,solute carrier organic anion transporter family member 2A1,,3,NC_014778.1,31093215,31161976,minus,14,NA,NA
9031,J,Gallus gallus,415332,0,live,SORD,sord,SDH,sorbitol dehydrogenase,sorbitol dehydrogenase|L-iditol 2-dehydrogenase|polyol dehydrogenase,,10,NC_006097.5,1522444,1539349,minus,9,NA,NA
9031,J,Gallus gallus,374148,0,live,SOX9,sox9,SOX-9,SRY-box 9,transcription factor SOX-9,,18,NC_006105.5,8786171,8789081,plus,3,NA,NA
9031,J,Gallus gallus,374234,0,live,SPTAN1,sptan1,SPECA,spectrin alpha, non-erythrocytic 1,spectrin alpha chain, non-erythrocytic 1|alpha-II spectrin|alpha-spectrin|fodrin alpha chain|nonerythroid alpha-spectrin|spectrin alpha chain, brain|spectrin, alpha, non-erythrocytic 1 (alpha-fodrin)|spectrin, non-erythroid alpha chain,,17,NC_006104.5,5511683,5557671,plus,60,NA,NA
9031,J,Gallus gallus,420027,0,live,STAT3,stat3,,signal transducer and activator of transcription 3,signal transducer and activator of transcription 3|signal transducer and activator of transcription 3 (acute-phase response factor),,27,NC_006114.5,7716059,7731541,minus,25,NA,NA
28377,A,Anolis carolinensis,100563364,0,live,stip1,stip1,,stress induced phosphoprotein 1,stress-induced-phosphoprotein 1,,Un,,NA,NA,,NA,NA,NA
9031,J,Gallus gallus,419187,0,live,STK4,stk4,,serine/threonine kinase 4,serine/threonine-protein kinase 4,,20,NC_006107.5,5184345,5224565,minus,12,NA,NA
28377,A,Anolis carolinensis,100552516,0,live,sugt1,sugt1,,SGT1 homolog, MIS12 kinetochore complex assembly cochaperone,protein SGT1 homolog|SGT1, suppressor of G2 allele of SKP1|suppressor of G2 allele of SKP1 homolog,,3,NC_014778.1,70778210,70807395,plus,13,NA,NA
9031,J,Gallus gallus,395227,0,live,SULT1B1,sult1b1,ST1B1, SULT1B,sulfotransferase family cytosolic 1B member 1,sulfotransferase family cytosolic 1B member 1|sulfotransferase 1B|sulfotransferase 1B1,,4,NC_006091.5,51792610,51794892,minus,8,NA,NA
9031,J,Gallus gallus,373930,0,live,SUMO1,sumo1,DAP1, GMP1, OFC10, PIC1, SENP2, SMT3, SMT3C, SMT3H3, UBL1, sentrin,small ubiquitin-like modifier 1,small ubiquitin-related modifier 1|GAP modifying protein 1|SMT3 homolog 3|SMT3 suppressor of mif two 3 homolog 1|SUMO-1|ubiquitin-homology domain protein PIC1|ubiquitin-like 1 (sentrin)|ubiquitin-like protein SMT3C|ubiquitin-like protein UBL1,,7,NC_006094.5,11763926,11776176,minus,6,NA,NA
9031,J,Gallus gallus,107055404,0,live,SUOX,suox,,sulfite oxidase,sulfite oxidase,,33,NC_008465.4,7079717,7082314,minus,5,NA,NA
59894,K,Ficedula albicollis,101814864,0,live,TAF1B,taf1b,,TATA-box binding protein associated factor, RNA polymerase I subunit B,TATA box-binding protein-associated factor RNA polymerase I subunit B|TATA box binding protein (TBP)-associated factor, RNA polymerase I, B, 63kDa,,3,NC_021674.1,101312741,101361367,plus,16,NA,NA
9031,J,Gallus gallus,395499,0,live,TAOK3,taok3,,TAO kinase 3,serine/threonine-protein kinase TAO3|KFC|kinase from chicken|thousand and one amino acid protein 3,,15,NC_006102.5,10106009,10174606,plus,25,NA,NA
8996,K,Numida meleagris,110389937,0,live,TARS1,tars1,TARS,threonyl-tRNA synthetase 1,threonine--tRNA ligase, cytoplasmic,,Z,NC_034438.1,10263191,10279234,plus,19,NA,NA
9031,J,Gallus gallus,395832,0,live,TGFB1I1,tgfb1i1,PXN,transforming growth factor beta 1 induced transcript 1,paxillin,,15,NC_006102.5,9679781,9721603,plus,20,NA,NA
9031,J,Gallus gallus,396399,0,live,TGFBR2,tgfbr2,,transforming growth factor beta receptor 2,TGF-beta receptor type-2|TGF-beta receptor type II|TGF-beta type II receptor|TGFR-2|TGFbeta type II receptor|tbetaR-II|transforming growth factor, beta receptor II (70/80kDa)|transforming growth factor-beta receptor type II|transforming growth factor-beta type II receptor,,2,NC_006089.5,39747911,39812095,plus,10,NA,NA
9031,J,Gallus gallus,415548,0,live,TIPIN,tipin,,TIMELESS interacting protein,TIMELESS-interacting protein,,10,NC_006097.5,18896129,18905363,minus,8,NA,NA
202946,K,Apteryx mantelli mantelli,106484412,0,live,TJP2,tjp2,,tight junction protein 2,tight junction protein ZO-2,,Un,,NA,NA,,NA,NA,NA
9031,J,Gallus gallus,395719,0,live,TK1,tk1,TK,thymidine kinase 1,thymidine kinase, cytosolic|thymidine kinase 1, soluble,,18,NC_006105.5,9860403,9861812,plus,7,NA,NA
28377,A,Anolis carolinensis,100566413,0,live,tmem104,tmem104,,transmembrane protein 104,transmembrane protein 104,,2,NC_014777.1,115617056,115718990,minus,11,NA,NA
28377,A,Anolis carolinensis,100553463,0,live,tmem184a,tmem184a,,transmembrane protein 184A,transmembrane protein 184A,,Un,,NA,NA,,NA,NA,NA
28377,A,Anolis carolinensis,100566749,0,live,tmem184c,tmem184c,,transmembrane protein 184C,transmembrane protein 184C,,5,NC_014780.1,134094863,134107877,minus,10,NA,NA
9031,J,Gallus gallus,417672,0,live,TNFAIP1,tnfaip1,,TNF alpha induced protein 1,BTB/POZ domain-containing adapter for CUL3-mediated RhoA degradation protein 2|BTB/POZ domain-containing protein TNFAIP1|tumor necrosis factor, alpha-induced protein 1 (endothelial),,19,NC_006106.5,9451319,9463360,plus,8,NA,NA
28377,A,Anolis carolinensis,100560676,0,live,tpcn1,tpcn1,,two pore segment channel 1,two pore calcium channel protein 1,,Un,,NA,NA,,NA,NA,NA
28377,A,Anolis carolinensis,100565414,0,live,tpcn2,tpcn2,,two pore segment channel 2,two pore calcium channel protein 2,,1,NC_014776.1,55921669,55964835,minus,27,NA,NA
103695,B,Pogona vitticeps,110075995,0,live,TRPM6,trpm6,,transient receptor potential cation channel subfamily M member 6,transient receptor potential cation channel subfamily M member 6,,Un,,NA,NA,,NA,NA,NA
9031,J,Gallus gallus,427184,0,live,TTC33,ttc33,2900001O04RIK,tetratricopeptide repeat domain 33,tetratricopeptide repeat protein 33|osmosis responsive factor,,Z,NC_006127.5,12854247,12891685,minus,5,NA,NA
9031,J,Gallus gallus,396437,0,live,TXN,txn,,thioredoxin,thioredoxin|trx,,Z,NC_006127.5,66724107,66729464,minus,5,NA,NA
9031,J,Gallus gallus,421804,0,live,UFL1,ufl1,,UFM1 specific ligase 1,E3 UFM1-protein ligase 1|E3 UFM1-protein transferase 1,,3,NC_006090.5,72810901,72832528,minus,19,NA,NA
9031,J,Gallus gallus,422792,0,live,UGDH,ugdh,,UDP-glucose 6-dehydrogenase,UDP-glucose 6-dehydrogenase|UDP-Glc dehydrogenase|UDP-GlcDH|UDP-glucose dehydrogenase|UDPGDH,,4,NC_006091.5,69256698,69275154,plus,13,NA,NA
9238,K,Pygoscelis adeliae,103918920,0,live,USP19,usp19,,ubiquitin specific peptidase 19,ubiquitin carboxyl-terminal hydrolase 19,,Un,,NA,NA,,NA,NA,NA
64176,D,Podarcis muralis,114589903,0,live,UTP18,utp18,,UTP18 small subunit processome component,U3 small nucleolar RNA-associated protein 18 homolog,,2,NC_041313.1,30510152,30522275,minus,15,NA,NA
9031,J,Gallus gallus,396422,0,live,VCL,vcl,,vinculin,vinculin|meta-vinculin|metavinculin|vinc 1,,6,NC_006093.5,16240141,16296227,minus,22,NA,NA
35019,G,Thamnophis sirtalis,106551202,0,live,WDR73,wdr73,,WD repeat domain 73,WD repeat-containing protein 73,,Un,,NA,NA,,NA,NA,NA
8496,I,Alligator mississippiensis,102558683,0,live,WFS1,wfs1,Y1Q_0021391, wolframin,wolframin ER transmembrane glycoprotein,wolframin,,Un,,NA,NA,,NA,NA,NA
103695,B,Pogona vitticeps,110076681,0,live,WNK1,wnk1,,WNK lysine deficient protein kinase 1,serine/threonine-protein kinase WNK1,,Un,,NA,NA,,NA,NA,NA
103695,B,Pogona vitticeps,110089414,0,live,WSCD1,wscd1,,WSC domain containing 1,WSC domain-containing protein 1,,Un,,NA,NA,,NA,NA,NA
9031,J,Gallus gallus,396025,0,live,XDH,xdh,AOX1,xanthine dehydrogenase,xanthine dehydrogenase/oxidase|aldehyde oxidase 1,,3,NC_006090.5,4455751,4520849,plus,39,NA,NA
9031,J,Gallus gallus,418300,0,live,ZYX,zyx,,zyxin,zyxin,,1,NC_006088.5,78201043,78231480,minus,12,NA,NA
